-- phpMyAdmin SQL Dump
-- version 5.2.1
-- https://www.phpmyadmin.net/
--
-- Host: localhost:3306
-- Generation Time: Aug 22, 2023 at 11:40 AM
-- Server version: 8.0.34
-- PHP Version: 8.1.16

SET SQL_MODE = "NO_AUTO_VALUE_ON_ZERO";
START TRANSACTION;
SET time_zone = "+00:00";


/*!40101 SET @OLD_CHARACTER_SET_CLIENT=@@CHARACTER_SET_CLIENT */;
/*!40101 SET @OLD_CHARACTER_SET_RESULTS=@@CHARACTER_SET_RESULTS */;
/*!40101 SET @OLD_COLLATION_CONNECTION=@@COLLATION_CONNECTION */;
/*!40101 SET NAMES utf8mb4 */;

--
-- Database: `becdexco_new`
--

-- --------------------------------------------------------

--
-- Table structure for table `answer`
--

CREATE TABLE `answer` (
  `id_answer` int NOT NULL,
  `question_id` int NOT NULL,
  `submission_id` varchar(128) CHARACTER SET utf8mb4 COLLATE utf8mb4_bin NOT NULL,
  `value` char(1) CHARACTER SET utf8mb4 COLLATE utf8mb4_bin NOT NULL,
  `valid_value` char(1) CHARACTER SET utf8mb4 COLLATE utf8mb4_bin NOT NULL
) ENGINE=InnoDB DEFAULT CHARSET=utf8mb4 COLLATE=utf8mb4_bin;

--
-- Dumping data for table `answer`
--

INSERT INTO `answer` (`id_answer`, `question_id`, `submission_id`, `value`, `valid_value`) VALUES
(1857, 1, 'BXSUBPT-TE20230331', '1', '0'),
(1858, 2, 'BXSUBPT-TE20230331', '1', ''),
(1859, 3, 'BXSUBPT-TE20230331', '1', ''),
(1860, 4, 'BXSUBPT-TE20230331', '1', ''),
(1861, 5, 'BXSUBPT-TE20230331', '1', ''),
(1862, 6, 'BXSUBPT-TE20230331', '1', ''),
(1863, 7, 'BXSUBPT-TE20230331', '1', ''),
(1864, 8, 'BXSUBPT-TE20230331', '1', ''),
(1865, 9, 'BXSUBPT-TE20230331', '1', ''),
(1866, 10, 'BXSUBPT-TE20230331', '1', ''),
(1867, 11, 'BXSUBPT-TE20230331', '1', ''),
(1868, 12, 'BXSUBPT-TE20230331', '1', ''),
(1869, 13, 'BXSUBPT-TE20230331', '1', ''),
(1870, 14, 'BXSUBPT-TE20230331', '1', ''),
(1871, 15, 'BXSUBPT-TE20230331', '1', ''),
(1872, 16, 'BXSUBPT-TE20230331', '1', ''),
(1873, 17, 'BXSUBPT-TE20230331', '1', ''),
(1874, 18, 'BXSUBPT-TE20230331', '1', ''),
(1875, 19, 'BXSUBPT-TE20230331', '1', ''),
(1876, 20, 'BXSUBPT-TE20230331', '1', ''),
(1877, 21, 'BXSUBPT-TE20230331', '1', ''),
(1878, 22, 'BXSUBPT-TE20230331', '1', ''),
(1879, 23, 'BXSUBPT-TE20230331', '1', ''),
(1880, 24, 'BXSUBPT-TE20230331', '1', ''),
(1881, 25, 'BXSUBPT-TE20230331', '1', ''),
(1882, 26, 'BXSUBPT-TE20230331', '1', ''),
(1883, 27, 'BXSUBPT-TE20230331', '1', ''),
(1884, 28, 'BXSUBPT-TE20230331', '1', ''),
(1885, 29, 'BXSUBPT-TE20230331', '1', ''),
(1886, 30, 'BXSUBPT-TE20230331', '1', ''),
(1887, 31, 'BXSUBPT-TE20230331', '1', ''),
(1888, 32, 'BXSUBPT-TE20230331', '1', ''),
(1889, 33, 'BXSUBPT-TE20230331', '1', ''),
(1890, 34, 'BXSUBPT-TE20230331', '1', ''),
(1891, 35, 'BXSUBPT-TE20230331', '1', ''),
(1892, 36, 'BXSUBPT-TE20230331', '1', ''),
(1893, 37, 'BXSUBPT-TE20230331', '1', ''),
(1894, 38, 'BXSUBPT-TE20230331', '1', ''),
(1895, 39, 'BXSUBPT-TE20230331', '1', ''),
(1896, 40, 'BXSUBPT-TE20230331', '1', ''),
(1897, 41, 'BXSUBPT-TE20230331', '1', ''),
(1898, 42, 'BXSUBPT-TE20230331', '1', ''),
(1899, 43, 'BXSUBPT-TE20230331', '1', ''),
(1900, 44, 'BXSUBPT-TE20230331', '1', ''),
(1901, 45, 'BXSUBPT-TE20230331', '1', ''),
(1902, 46, 'BXSUBPT-TE20230331', '1', ''),
(1903, 47, 'BXSUBPT-TE20230331', '1', ''),
(1904, 48, 'BXSUBPT-TE20230331', '1', ''),
(1905, 49, 'BXSUBPT-TE20230331', '1', ''),
(1906, 50, 'BXSUBPT-TE20230331', '1', ''),
(1907, 1, 'BXSUBPT-TE20230401', '', '1'),
(1908, 2, 'BXSUBPT-TE20230401', '', '1'),
(1909, 3, 'BXSUBPT-TE20230401', '', ''),
(1910, 4, 'BXSUBPT-TE20230401', '', '1'),
(1911, 5, 'BXSUBPT-TE20230401', '', ''),
(1912, 6, 'BXSUBPT-TE20230401', '', ''),
(1913, 7, 'BXSUBPT-TE20230401', '', ''),
(1914, 8, 'BXSUBPT-TE20230401', '', ''),
(1915, 9, 'BXSUBPT-TE20230401', '', ''),
(1916, 10, 'BXSUBPT-TE20230401', '', ''),
(1917, 11, 'BXSUBPT-TE20230401', '', ''),
(1918, 12, 'BXSUBPT-TE20230401', '', ''),
(1919, 13, 'BXSUBPT-TE20230401', '', ''),
(1920, 14, 'BXSUBPT-TE20230401', '', ''),
(1921, 15, 'BXSUBPT-TE20230401', '', ''),
(1922, 16, 'BXSUBPT-TE20230401', '', ''),
(1923, 17, 'BXSUBPT-TE20230401', '', ''),
(1924, 18, 'BXSUBPT-TE20230401', '', ''),
(1925, 19, 'BXSUBPT-TE20230401', '', ''),
(1926, 20, 'BXSUBPT-TE20230401', '', ''),
(1927, 21, 'BXSUBPT-TE20230401', '', ''),
(1928, 22, 'BXSUBPT-TE20230401', '', ''),
(1929, 23, 'BXSUBPT-TE20230401', '', ''),
(1930, 24, 'BXSUBPT-TE20230401', '', ''),
(1931, 25, 'BXSUBPT-TE20230401', '', ''),
(1932, 26, 'BXSUBPT-TE20230401', '', ''),
(1933, 27, 'BXSUBPT-TE20230401', '', ''),
(1934, 28, 'BXSUBPT-TE20230401', '', ''),
(1935, 29, 'BXSUBPT-TE20230401', '', ''),
(1936, 30, 'BXSUBPT-TE20230401', '', ''),
(1937, 31, 'BXSUBPT-TE20230401', '', ''),
(1938, 32, 'BXSUBPT-TE20230401', '', ''),
(1939, 33, 'BXSUBPT-TE20230401', '', ''),
(1940, 34, 'BXSUBPT-TE20230401', '', ''),
(1941, 35, 'BXSUBPT-TE20230401', '', ''),
(1942, 36, 'BXSUBPT-TE20230401', '', ''),
(1943, 37, 'BXSUBPT-TE20230401', '', ''),
(1944, 38, 'BXSUBPT-TE20230401', '', ''),
(1945, 39, 'BXSUBPT-TE20230401', '', ''),
(1946, 40, 'BXSUBPT-TE20230401', '', ''),
(1947, 41, 'BXSUBPT-TE20230401', '', ''),
(1948, 42, 'BXSUBPT-TE20230401', '', ''),
(1949, 43, 'BXSUBPT-TE20230401', '', ''),
(1950, 44, 'BXSUBPT-TE20230401', '', ''),
(1951, 45, 'BXSUBPT-TE20230401', '', ''),
(1952, 46, 'BXSUBPT-TE20230401', '', ''),
(1953, 47, 'BXSUBPT-TE20230401', '', ''),
(1954, 48, 'BXSUBPT-TE20230401', '', ''),
(1955, 49, 'BXSUBPT-TE20230401', '', ''),
(1956, 50, 'BXSUBPT-TE20230401', '', ''),
(1957, 1, 'BXSUBBIRU-20230416', '', '1'),
(1958, 2, 'BXSUBBIRU-20230416', '', ''),
(1959, 3, 'BXSUBBIRU-20230416', '', ''),
(1960, 4, 'BXSUBBIRU-20230416', '', ''),
(1961, 5, 'BXSUBBIRU-20230416', '', ''),
(1962, 6, 'BXSUBBIRU-20230416', '', ''),
(1963, 7, 'BXSUBBIRU-20230416', '', ''),
(1964, 8, 'BXSUBBIRU-20230416', '', ''),
(1965, 9, 'BXSUBBIRU-20230416', '', ''),
(1966, 10, 'BXSUBBIRU-20230416', '', ''),
(1967, 11, 'BXSUBBIRU-20230416', '', ''),
(1968, 12, 'BXSUBBIRU-20230416', '', ''),
(1969, 13, 'BXSUBBIRU-20230416', '', ''),
(1970, 14, 'BXSUBBIRU-20230416', '', ''),
(1971, 15, 'BXSUBBIRU-20230416', '', ''),
(1972, 16, 'BXSUBBIRU-20230416', '', ''),
(1973, 17, 'BXSUBBIRU-20230416', '', ''),
(1974, 18, 'BXSUBBIRU-20230416', '', ''),
(1975, 19, 'BXSUBBIRU-20230416', '', ''),
(1976, 20, 'BXSUBBIRU-20230416', '', ''),
(1977, 21, 'BXSUBBIRU-20230416', '', ''),
(1978, 22, 'BXSUBBIRU-20230416', '', ''),
(1979, 23, 'BXSUBBIRU-20230416', '', ''),
(1980, 24, 'BXSUBBIRU-20230416', '', ''),
(1981, 25, 'BXSUBBIRU-20230416', '', ''),
(1982, 26, 'BXSUBBIRU-20230416', '', ''),
(1983, 27, 'BXSUBBIRU-20230416', '', ''),
(1984, 28, 'BXSUBBIRU-20230416', '', ''),
(1985, 29, 'BXSUBBIRU-20230416', '', ''),
(1986, 30, 'BXSUBBIRU-20230416', '', ''),
(1987, 31, 'BXSUBBIRU-20230416', '', ''),
(1988, 32, 'BXSUBBIRU-20230416', '', ''),
(1989, 33, 'BXSUBBIRU-20230416', '', ''),
(1990, 34, 'BXSUBBIRU-20230416', '', ''),
(1991, 35, 'BXSUBBIRU-20230416', '', ''),
(1992, 36, 'BXSUBBIRU-20230416', '', ''),
(1993, 37, 'BXSUBBIRU-20230416', '', ''),
(1994, 38, 'BXSUBBIRU-20230416', '', ''),
(1995, 39, 'BXSUBBIRU-20230416', '', ''),
(1996, 40, 'BXSUBBIRU-20230416', '', ''),
(1997, 41, 'BXSUBBIRU-20230416', '', ''),
(1998, 42, 'BXSUBBIRU-20230416', '', ''),
(1999, 43, 'BXSUBBIRU-20230416', '', ''),
(2000, 44, 'BXSUBBIRU-20230416', '', ''),
(2001, 45, 'BXSUBBIRU-20230416', '', ''),
(2002, 46, 'BXSUBBIRU-20230416', '', ''),
(2003, 47, 'BXSUBBIRU-20230416', '', ''),
(2004, 48, 'BXSUBBIRU-20230416', '', ''),
(2005, 49, 'BXSUBBIRU-20230416', '', ''),
(2006, 50, 'BXSUBBIRU-20230416', '', ''),
(2007, 1, 'BXSUBPT-IK20230425', '1', ''),
(2008, 2, 'BXSUBPT-IK20230425', '1', ''),
(2009, 3, 'BXSUBPT-IK20230425', '1', ''),
(2010, 4, 'BXSUBPT-IK20230425', '', ''),
(2011, 5, 'BXSUBPT-IK20230425', '', ''),
(2012, 6, 'BXSUBPT-IK20230425', '', ''),
(2013, 7, 'BXSUBPT-IK20230425', '', ''),
(2014, 8, 'BXSUBPT-IK20230425', '', ''),
(2015, 9, 'BXSUBPT-IK20230425', '', ''),
(2016, 10, 'BXSUBPT-IK20230425', '', ''),
(2017, 11, 'BXSUBPT-IK20230425', '', ''),
(2018, 12, 'BXSUBPT-IK20230425', '', ''),
(2019, 13, 'BXSUBPT-IK20230425', '', ''),
(2020, 14, 'BXSUBPT-IK20230425', '', ''),
(2021, 15, 'BXSUBPT-IK20230425', '', ''),
(2022, 16, 'BXSUBPT-IK20230425', '', ''),
(2023, 17, 'BXSUBPT-IK20230425', '', ''),
(2024, 18, 'BXSUBPT-IK20230425', '', ''),
(2025, 19, 'BXSUBPT-IK20230425', '', ''),
(2026, 20, 'BXSUBPT-IK20230425', '', ''),
(2027, 21, 'BXSUBPT-IK20230425', '', ''),
(2028, 22, 'BXSUBPT-IK20230425', '', ''),
(2029, 23, 'BXSUBPT-IK20230425', '', ''),
(2030, 24, 'BXSUBPT-IK20230425', '', ''),
(2031, 25, 'BXSUBPT-IK20230425', '', ''),
(2032, 26, 'BXSUBPT-IK20230425', '', ''),
(2033, 27, 'BXSUBPT-IK20230425', '', ''),
(2034, 28, 'BXSUBPT-IK20230425', '', ''),
(2035, 29, 'BXSUBPT-IK20230425', '', ''),
(2036, 30, 'BXSUBPT-IK20230425', '', ''),
(2037, 31, 'BXSUBPT-IK20230425', '', ''),
(2038, 32, 'BXSUBPT-IK20230425', '', ''),
(2039, 33, 'BXSUBPT-IK20230425', '', ''),
(2040, 34, 'BXSUBPT-IK20230425', '', ''),
(2041, 35, 'BXSUBPT-IK20230425', '', ''),
(2042, 36, 'BXSUBPT-IK20230425', '', ''),
(2043, 37, 'BXSUBPT-IK20230425', '', ''),
(2044, 38, 'BXSUBPT-IK20230425', '', ''),
(2045, 39, 'BXSUBPT-IK20230425', '', ''),
(2046, 40, 'BXSUBPT-IK20230425', '', ''),
(2047, 41, 'BXSUBPT-IK20230425', '', ''),
(2048, 42, 'BXSUBPT-IK20230425', '', ''),
(2049, 43, 'BXSUBPT-IK20230425', '', ''),
(2050, 44, 'BXSUBPT-IK20230425', '', ''),
(2051, 45, 'BXSUBPT-IK20230425', '', ''),
(2052, 46, 'BXSUBPT-IK20230425', '', ''),
(2053, 47, 'BXSUBPT-IK20230425', '', ''),
(2054, 48, 'BXSUBPT-IK20230425', '', ''),
(2055, 49, 'BXSUBPT-IK20230425', '', ''),
(2056, 50, 'BXSUBPT-IK20230425', '', ''),
(2057, 1, 'BXSUBPT-IK20230426', '1', '1'),
(2058, 2, 'BXSUBPT-IK20230426', '1', '1'),
(2059, 3, 'BXSUBPT-IK20230426', '1', '1'),
(2060, 4, 'BXSUBPT-IK20230426', '1', '1'),
(2061, 5, 'BXSUBPT-IK20230426', '1', '1'),
(2062, 6, 'BXSUBPT-IK20230426', '1', '1'),
(2063, 7, 'BXSUBPT-IK20230426', '1', '1'),
(2064, 8, 'BXSUBPT-IK20230426', '1', '1'),
(2065, 9, 'BXSUBPT-IK20230426', '1', '1'),
(2066, 10, 'BXSUBPT-IK20230426', '1', '1'),
(2067, 11, 'BXSUBPT-IK20230426', '1', '1'),
(2068, 12, 'BXSUBPT-IK20230426', '1', '1'),
(2069, 13, 'BXSUBPT-IK20230426', '1', '1'),
(2070, 14, 'BXSUBPT-IK20230426', '1', '1'),
(2071, 15, 'BXSUBPT-IK20230426', '1', '1'),
(2072, 16, 'BXSUBPT-IK20230426', '1', '1'),
(2073, 17, 'BXSUBPT-IK20230426', '1', '1'),
(2074, 18, 'BXSUBPT-IK20230426', '1', '1'),
(2075, 19, 'BXSUBPT-IK20230426', '1', '1'),
(2076, 20, 'BXSUBPT-IK20230426', '1', '1'),
(2077, 21, 'BXSUBPT-IK20230426', '1', '1'),
(2078, 22, 'BXSUBPT-IK20230426', '1', '1'),
(2079, 23, 'BXSUBPT-IK20230426', '1', '1'),
(2080, 24, 'BXSUBPT-IK20230426', '1', '1'),
(2081, 25, 'BXSUBPT-IK20230426', '1', '1'),
(2082, 26, 'BXSUBPT-IK20230426', '1', '1'),
(2083, 27, 'BXSUBPT-IK20230426', '1', '1'),
(2084, 28, 'BXSUBPT-IK20230426', '1', '1'),
(2085, 29, 'BXSUBPT-IK20230426', '1', '1'),
(2086, 30, 'BXSUBPT-IK20230426', '1', '1'),
(2087, 31, 'BXSUBPT-IK20230426', '1', '1'),
(2088, 32, 'BXSUBPT-IK20230426', '1', '1'),
(2089, 33, 'BXSUBPT-IK20230426', '1', '1'),
(2090, 34, 'BXSUBPT-IK20230426', '1', '1'),
(2091, 35, 'BXSUBPT-IK20230426', '1', '1'),
(2092, 36, 'BXSUBPT-IK20230426', '1', '1'),
(2093, 37, 'BXSUBPT-IK20230426', '1', '1'),
(2094, 38, 'BXSUBPT-IK20230426', '1', '1'),
(2095, 39, 'BXSUBPT-IK20230426', '1', '1'),
(2096, 40, 'BXSUBPT-IK20230426', '1', '1'),
(2097, 41, 'BXSUBPT-IK20230426', '1', ''),
(2098, 42, 'BXSUBPT-IK20230426', '1', ''),
(2099, 43, 'BXSUBPT-IK20230426', '1', ''),
(2100, 44, 'BXSUBPT-IK20230426', '1', ''),
(2101, 45, 'BXSUBPT-IK20230426', '1', '0'),
(2102, 46, 'BXSUBPT-IK20230426', '1', ''),
(2103, 47, 'BXSUBPT-IK20230426', '1', ''),
(2104, 48, 'BXSUBPT-IK20230426', '1', ''),
(2105, 49, 'BXSUBPT-IK20230426', '1', ''),
(2106, 50, 'BXSUBPT-IK20230426', '1', ''),
(2107, 1, 'BXSUBPT-IN20230426', '1', ''),
(2108, 2, 'BXSUBPT-IN20230426', '', ''),
(2109, 3, 'BXSUBPT-IN20230426', '', ''),
(2110, 4, 'BXSUBPT-IN20230426', '', ''),
(2111, 5, 'BXSUBPT-IN20230426', '', ''),
(2112, 6, 'BXSUBPT-IN20230426', '', ''),
(2113, 7, 'BXSUBPT-IN20230426', '', ''),
(2114, 8, 'BXSUBPT-IN20230426', '', ''),
(2115, 9, 'BXSUBPT-IN20230426', '', ''),
(2116, 10, 'BXSUBPT-IN20230426', '', ''),
(2117, 11, 'BXSUBPT-IN20230426', '', ''),
(2118, 12, 'BXSUBPT-IN20230426', '', ''),
(2119, 13, 'BXSUBPT-IN20230426', '', ''),
(2120, 14, 'BXSUBPT-IN20230426', '', ''),
(2121, 15, 'BXSUBPT-IN20230426', '', ''),
(2122, 16, 'BXSUBPT-IN20230426', '', ''),
(2123, 17, 'BXSUBPT-IN20230426', '', ''),
(2124, 18, 'BXSUBPT-IN20230426', '', ''),
(2125, 19, 'BXSUBPT-IN20230426', '', ''),
(2126, 20, 'BXSUBPT-IN20230426', '', ''),
(2127, 21, 'BXSUBPT-IN20230426', '', ''),
(2128, 22, 'BXSUBPT-IN20230426', '', ''),
(2129, 23, 'BXSUBPT-IN20230426', '', ''),
(2130, 24, 'BXSUBPT-IN20230426', '', ''),
(2131, 25, 'BXSUBPT-IN20230426', '', ''),
(2132, 26, 'BXSUBPT-IN20230426', '', ''),
(2133, 27, 'BXSUBPT-IN20230426', '', ''),
(2134, 28, 'BXSUBPT-IN20230426', '', ''),
(2135, 29, 'BXSUBPT-IN20230426', '', ''),
(2136, 30, 'BXSUBPT-IN20230426', '', ''),
(2137, 31, 'BXSUBPT-IN20230426', '', ''),
(2138, 32, 'BXSUBPT-IN20230426', '', ''),
(2139, 33, 'BXSUBPT-IN20230426', '', ''),
(2140, 34, 'BXSUBPT-IN20230426', '', ''),
(2141, 35, 'BXSUBPT-IN20230426', '', ''),
(2142, 36, 'BXSUBPT-IN20230426', '', ''),
(2143, 37, 'BXSUBPT-IN20230426', '', ''),
(2144, 38, 'BXSUBPT-IN20230426', '', ''),
(2145, 39, 'BXSUBPT-IN20230426', '', ''),
(2146, 40, 'BXSUBPT-IN20230426', '', ''),
(2147, 41, 'BXSUBPT-IN20230426', '', ''),
(2148, 42, 'BXSUBPT-IN20230426', '', ''),
(2149, 43, 'BXSUBPT-IN20230426', '', ''),
(2150, 44, 'BXSUBPT-IN20230426', '', ''),
(2151, 45, 'BXSUBPT-IN20230426', '', ''),
(2152, 46, 'BXSUBPT-IN20230426', '', ''),
(2153, 47, 'BXSUBPT-IN20230426', '', ''),
(2154, 48, 'BXSUBPT-IN20230426', '', ''),
(2155, 49, 'BXSUBPT-IN20230426', '', ''),
(2156, 50, 'BXSUBPT-IN20230426', '', ''),
(2157, 1, 'BXSUBCERTI20230504', '1', '1'),
(2158, 2, 'BXSUBCERTI20230504', '', '0'),
(2159, 3, 'BXSUBCERTI20230504', '', ''),
(2160, 4, 'BXSUBCERTI20230504', '', ''),
(2161, 5, 'BXSUBCERTI20230504', '', ''),
(2162, 6, 'BXSUBCERTI20230504', '', ''),
(2163, 7, 'BXSUBCERTI20230504', '', ''),
(2164, 8, 'BXSUBCERTI20230504', '', ''),
(2165, 9, 'BXSUBCERTI20230504', '', ''),
(2166, 10, 'BXSUBCERTI20230504', '', ''),
(2167, 11, 'BXSUBCERTI20230504', '', ''),
(2168, 12, 'BXSUBCERTI20230504', '', ''),
(2169, 13, 'BXSUBCERTI20230504', '', ''),
(2170, 14, 'BXSUBCERTI20230504', '', ''),
(2171, 15, 'BXSUBCERTI20230504', '', ''),
(2172, 16, 'BXSUBCERTI20230504', '', ''),
(2173, 17, 'BXSUBCERTI20230504', '', ''),
(2174, 18, 'BXSUBCERTI20230504', '', ''),
(2175, 19, 'BXSUBCERTI20230504', '', ''),
(2176, 20, 'BXSUBCERTI20230504', '', ''),
(2177, 21, 'BXSUBCERTI20230504', '', ''),
(2178, 22, 'BXSUBCERTI20230504', '', ''),
(2179, 23, 'BXSUBCERTI20230504', '', ''),
(2180, 24, 'BXSUBCERTI20230504', '', ''),
(2181, 25, 'BXSUBCERTI20230504', '', ''),
(2182, 26, 'BXSUBCERTI20230504', '', ''),
(2183, 27, 'BXSUBCERTI20230504', '', ''),
(2184, 28, 'BXSUBCERTI20230504', '', ''),
(2185, 29, 'BXSUBCERTI20230504', '', ''),
(2186, 30, 'BXSUBCERTI20230504', '', ''),
(2187, 31, 'BXSUBCERTI20230504', '', ''),
(2188, 32, 'BXSUBCERTI20230504', '', ''),
(2189, 33, 'BXSUBCERTI20230504', '', ''),
(2190, 34, 'BXSUBCERTI20230504', '', ''),
(2191, 35, 'BXSUBCERTI20230504', '', ''),
(2192, 36, 'BXSUBCERTI20230504', '', ''),
(2193, 37, 'BXSUBCERTI20230504', '', ''),
(2194, 38, 'BXSUBCERTI20230504', '', ''),
(2195, 39, 'BXSUBCERTI20230504', '', ''),
(2196, 40, 'BXSUBCERTI20230504', '', ''),
(2197, 41, 'BXSUBCERTI20230504', '', ''),
(2198, 42, 'BXSUBCERTI20230504', '', ''),
(2199, 43, 'BXSUBCERTI20230504', '', ''),
(2200, 44, 'BXSUBCERTI20230504', '', ''),
(2201, 45, 'BXSUBCERTI20230504', '', ''),
(2202, 46, 'BXSUBCERTI20230504', '', ''),
(2203, 47, 'BXSUBCERTI20230504', '', ''),
(2204, 48, 'BXSUBCERTI20230504', '', ''),
(2205, 49, 'BXSUBCERTI20230504', '', ''),
(2206, 50, 'BXSUBCERTI20230504', '', ''),
(2207, 1, 'BXSUBPT-IN20230505', '1', '1'),
(2208, 2, 'BXSUBPT-IN20230505', '1', '0'),
(2209, 3, 'BXSUBPT-IN20230505', '', ''),
(2210, 4, 'BXSUBPT-IN20230505', '', ''),
(2211, 5, 'BXSUBPT-IN20230505', '', ''),
(2212, 6, 'BXSUBPT-IN20230505', '', ''),
(2213, 7, 'BXSUBPT-IN20230505', '', ''),
(2214, 8, 'BXSUBPT-IN20230505', '', ''),
(2215, 9, 'BXSUBPT-IN20230505', '', ''),
(2216, 10, 'BXSUBPT-IN20230505', '', ''),
(2217, 11, 'BXSUBPT-IN20230505', '', ''),
(2218, 12, 'BXSUBPT-IN20230505', '', ''),
(2219, 13, 'BXSUBPT-IN20230505', '', ''),
(2220, 14, 'BXSUBPT-IN20230505', '', ''),
(2221, 15, 'BXSUBPT-IN20230505', '', ''),
(2222, 16, 'BXSUBPT-IN20230505', '', ''),
(2223, 17, 'BXSUBPT-IN20230505', '', ''),
(2224, 18, 'BXSUBPT-IN20230505', '', ''),
(2225, 19, 'BXSUBPT-IN20230505', '', ''),
(2226, 20, 'BXSUBPT-IN20230505', '', ''),
(2227, 21, 'BXSUBPT-IN20230505', '', ''),
(2228, 22, 'BXSUBPT-IN20230505', '', ''),
(2229, 23, 'BXSUBPT-IN20230505', '', ''),
(2230, 24, 'BXSUBPT-IN20230505', '', ''),
(2231, 25, 'BXSUBPT-IN20230505', '', ''),
(2232, 26, 'BXSUBPT-IN20230505', '', ''),
(2233, 27, 'BXSUBPT-IN20230505', '', ''),
(2234, 28, 'BXSUBPT-IN20230505', '', ''),
(2235, 29, 'BXSUBPT-IN20230505', '', ''),
(2236, 30, 'BXSUBPT-IN20230505', '', ''),
(2237, 31, 'BXSUBPT-IN20230505', '', ''),
(2238, 32, 'BXSUBPT-IN20230505', '', ''),
(2239, 33, 'BXSUBPT-IN20230505', '', ''),
(2240, 34, 'BXSUBPT-IN20230505', '', ''),
(2241, 35, 'BXSUBPT-IN20230505', '', ''),
(2242, 36, 'BXSUBPT-IN20230505', '', ''),
(2243, 37, 'BXSUBPT-IN20230505', '', ''),
(2244, 38, 'BXSUBPT-IN20230505', '', ''),
(2245, 39, 'BXSUBPT-IN20230505', '', ''),
(2246, 40, 'BXSUBPT-IN20230505', '', ''),
(2247, 41, 'BXSUBPT-IN20230505', '', ''),
(2248, 42, 'BXSUBPT-IN20230505', '', ''),
(2249, 43, 'BXSUBPT-IN20230505', '', ''),
(2250, 44, 'BXSUBPT-IN20230505', '', ''),
(2251, 45, 'BXSUBPT-IN20230505', '', ''),
(2252, 46, 'BXSUBPT-IN20230505', '', ''),
(2253, 47, 'BXSUBPT-IN20230505', '', ''),
(2254, 48, 'BXSUBPT-IN20230505', '', ''),
(2255, 49, 'BXSUBPT-IN20230505', '', ''),
(2256, 50, 'BXSUBPT-IN20230505', '', ''),
(2257, 1, 'BXSUBPT-IN20230508', '', ''),
(2258, 2, 'BXSUBPT-IN20230508', '', ''),
(2259, 3, 'BXSUBPT-IN20230508', '', ''),
(2260, 4, 'BXSUBPT-IN20230508', '', ''),
(2261, 5, 'BXSUBPT-IN20230508', '', ''),
(2262, 6, 'BXSUBPT-IN20230508', '', ''),
(2263, 7, 'BXSUBPT-IN20230508', '', ''),
(2264, 8, 'BXSUBPT-IN20230508', '', ''),
(2265, 9, 'BXSUBPT-IN20230508', '', ''),
(2266, 10, 'BXSUBPT-IN20230508', '', ''),
(2267, 11, 'BXSUBPT-IN20230508', '', ''),
(2268, 12, 'BXSUBPT-IN20230508', '', ''),
(2269, 13, 'BXSUBPT-IN20230508', '', ''),
(2270, 14, 'BXSUBPT-IN20230508', '', ''),
(2271, 15, 'BXSUBPT-IN20230508', '', ''),
(2272, 16, 'BXSUBPT-IN20230508', '', ''),
(2273, 17, 'BXSUBPT-IN20230508', '', ''),
(2274, 18, 'BXSUBPT-IN20230508', '', ''),
(2275, 19, 'BXSUBPT-IN20230508', '', ''),
(2276, 20, 'BXSUBPT-IN20230508', '', ''),
(2277, 21, 'BXSUBPT-IN20230508', '', ''),
(2278, 22, 'BXSUBPT-IN20230508', '', ''),
(2279, 23, 'BXSUBPT-IN20230508', '', ''),
(2280, 24, 'BXSUBPT-IN20230508', '', ''),
(2281, 25, 'BXSUBPT-IN20230508', '', ''),
(2282, 26, 'BXSUBPT-IN20230508', '', ''),
(2283, 27, 'BXSUBPT-IN20230508', '', ''),
(2284, 28, 'BXSUBPT-IN20230508', '', ''),
(2285, 29, 'BXSUBPT-IN20230508', '', ''),
(2286, 30, 'BXSUBPT-IN20230508', '', ''),
(2287, 31, 'BXSUBPT-IN20230508', '', ''),
(2288, 32, 'BXSUBPT-IN20230508', '', ''),
(2289, 33, 'BXSUBPT-IN20230508', '', ''),
(2290, 34, 'BXSUBPT-IN20230508', '', ''),
(2291, 35, 'BXSUBPT-IN20230508', '', ''),
(2292, 36, 'BXSUBPT-IN20230508', '', ''),
(2293, 37, 'BXSUBPT-IN20230508', '', ''),
(2294, 38, 'BXSUBPT-IN20230508', '', ''),
(2295, 39, 'BXSUBPT-IN20230508', '', ''),
(2296, 40, 'BXSUBPT-IN20230508', '', ''),
(2297, 41, 'BXSUBPT-IN20230508', '', ''),
(2298, 42, 'BXSUBPT-IN20230508', '', ''),
(2299, 43, 'BXSUBPT-IN20230508', '', ''),
(2300, 44, 'BXSUBPT-IN20230508', '', ''),
(2301, 45, 'BXSUBPT-IN20230508', '', ''),
(2302, 46, 'BXSUBPT-IN20230508', '', ''),
(2303, 47, 'BXSUBPT-IN20230508', '', ''),
(2304, 48, 'BXSUBPT-IN20230508', '', ''),
(2305, 49, 'BXSUBPT-IN20230508', '', ''),
(2306, 50, 'BXSUBPT-IN20230508', '', ''),
(2307, 1, 'BXSUBPT-BI20230714', '', ''),
(2308, 2, 'BXSUBPT-BI20230714', '', ''),
(2309, 3, 'BXSUBPT-BI20230714', '', ''),
(2310, 4, 'BXSUBPT-BI20230714', '', ''),
(2311, 5, 'BXSUBPT-BI20230714', '', ''),
(2312, 6, 'BXSUBPT-BI20230714', '', ''),
(2313, 7, 'BXSUBPT-BI20230714', '', ''),
(2314, 8, 'BXSUBPT-BI20230714', '', ''),
(2315, 9, 'BXSUBPT-BI20230714', '', ''),
(2316, 10, 'BXSUBPT-BI20230714', '', ''),
(2317, 11, 'BXSUBPT-BI20230714', '', ''),
(2318, 12, 'BXSUBPT-BI20230714', '', ''),
(2319, 13, 'BXSUBPT-BI20230714', '', ''),
(2320, 14, 'BXSUBPT-BI20230714', '', ''),
(2321, 15, 'BXSUBPT-BI20230714', '', ''),
(2322, 16, 'BXSUBPT-BI20230714', '', ''),
(2323, 17, 'BXSUBPT-BI20230714', '', ''),
(2324, 18, 'BXSUBPT-BI20230714', '', ''),
(2325, 19, 'BXSUBPT-BI20230714', '', ''),
(2326, 20, 'BXSUBPT-BI20230714', '', ''),
(2327, 21, 'BXSUBPT-BI20230714', '', ''),
(2328, 22, 'BXSUBPT-BI20230714', '', ''),
(2329, 23, 'BXSUBPT-BI20230714', '', ''),
(2330, 24, 'BXSUBPT-BI20230714', '', ''),
(2331, 25, 'BXSUBPT-BI20230714', '', ''),
(2332, 26, 'BXSUBPT-BI20230714', '', ''),
(2333, 27, 'BXSUBPT-BI20230714', '', ''),
(2334, 28, 'BXSUBPT-BI20230714', '', ''),
(2335, 29, 'BXSUBPT-BI20230714', '', ''),
(2336, 30, 'BXSUBPT-BI20230714', '', ''),
(2337, 31, 'BXSUBPT-BI20230714', '', ''),
(2338, 32, 'BXSUBPT-BI20230714', '', ''),
(2339, 33, 'BXSUBPT-BI20230714', '', ''),
(2340, 34, 'BXSUBPT-BI20230714', '', ''),
(2341, 35, 'BXSUBPT-BI20230714', '', ''),
(2342, 36, 'BXSUBPT-BI20230714', '', ''),
(2343, 37, 'BXSUBPT-BI20230714', '', ''),
(2344, 38, 'BXSUBPT-BI20230714', '', ''),
(2345, 39, 'BXSUBPT-BI20230714', '', ''),
(2346, 40, 'BXSUBPT-BI20230714', '', ''),
(2347, 41, 'BXSUBPT-BI20230714', '', ''),
(2348, 42, 'BXSUBPT-BI20230714', '', ''),
(2349, 43, 'BXSUBPT-BI20230714', '', ''),
(2350, 44, 'BXSUBPT-BI20230714', '', ''),
(2351, 45, 'BXSUBPT-BI20230714', '', ''),
(2352, 46, 'BXSUBPT-BI20230714', '', ''),
(2353, 47, 'BXSUBPT-BI20230714', '', ''),
(2354, 48, 'BXSUBPT-BI20230714', '', ''),
(2355, 49, 'BXSUBPT-BI20230714', '', ''),
(2356, 50, 'BXSUBPT-BI20230714', '', '');

-- --------------------------------------------------------

--
-- Table structure for table `aspect`
--

CREATE TABLE `aspect` (
  `id_aspect` int NOT NULL,
  `aspect_name` varchar(30) NOT NULL
) ENGINE=InnoDB DEFAULT CHARSET=latin1;

--
-- Dumping data for table `aspect`
--

INSERT INTO `aspect` (`id_aspect`, `aspect_name`) VALUES
(1, 'Environmental Aspect'),
(2, 'Social Aspect'),
(3, 'Economic Aspect');

-- --------------------------------------------------------

--
-- Table structure for table `becdex_cat`
--

CREATE TABLE `becdex_cat` (
  `id_becdex_cat` int NOT NULL,
  `max_score` int NOT NULL,
  `becdex_cat_name` varchar(128) CHARACTER SET utf8mb4 COLLATE utf8mb4_bin NOT NULL,
  `becdex_cat_color` varchar(10) CHARACTER SET utf8mb4 COLLATE utf8mb4_bin NOT NULL
) ENGINE=InnoDB DEFAULT CHARSET=utf8mb4 COLLATE=utf8mb4_bin;

--
-- Dumping data for table `becdex_cat`
--

INSERT INTO `becdex_cat` (`id_becdex_cat`, `max_score`, `becdex_cat_name`, `becdex_cat_color`) VALUES
(1, 68, 'Not a Blue Economy Company', 'danger'),
(2, 78, 'Standard Blue Economy Company', 'info'),
(3, 88, 'Good Blue Economy Company', 'primary'),
(4, 100, 'Excellent Economy Company', 'success');

-- --------------------------------------------------------

--
-- Table structure for table `certificate`
--

CREATE TABLE `certificate` (
  `id_certificate` int NOT NULL,
  `kategori` enum('standard','good','excellent','') CHARACTER SET utf8mb4 COLLATE utf8mb4_bin NOT NULL,
  `file` varchar(250) CHARACTER SET utf8mb4 COLLATE utf8mb4_bin NOT NULL,
  `keterangan` varchar(100) CHARACTER SET utf8mb4 COLLATE utf8mb4_bin DEFAULT NULL
) ENGINE=InnoDB DEFAULT CHARSET=utf8mb4 COLLATE=utf8mb4_bin;

--
-- Dumping data for table `certificate`
--

INSERT INTO `certificate` (`id_certificate`, `kategori`, `file`, `keterangan`) VALUES
(10, 'good', '2269748.jpg', 'Good'),
(11, 'excellent', '6790869.jpg', 'Excellent'),
(12, 'standard', '3608826.jpg', 'Standar');

-- --------------------------------------------------------

--
-- Table structure for table `certificate_user`
--

CREATE TABLE `certificate_user` (
  `id_certificate_user` int NOT NULL,
  `id_submission` varchar(128) NOT NULL,
  `id_certificate` int NOT NULL,
  `id_user` int NOT NULL,
  `tanggal_publish` date DEFAULT NULL,
  `valid_until` date DEFAULT NULL,
  `mmic` varchar(255) NOT NULL,
  `direktur` varchar(200) NOT NULL
) ENGINE=InnoDB DEFAULT CHARSET=utf8mb4 COLLATE=utf8mb4_0900_ai_ci;

--
-- Dumping data for table `certificate_user`
--

INSERT INTO `certificate_user` (`id_certificate_user`, `id_submission`, `id_certificate`, `id_user`, `tanggal_publish`, `valid_until`, `mmic`, `direktur`) VALUES
(5, 'BXSUBPT-RI20230225', 11, 37, '2023-02-28', '2026-02-28', '', ''),
(6, 'BXSUBPT-MA20230306', 11, 43, '2023-03-24', '2026-03-24', '', ''),
(7, 'BXSUBRIZKI20230314', 12, 44, '2023-03-22', '2026-03-22', '', ''),
(8, 'BXSUBTESTI20230330', 11, 73, '2023-03-28', '2026-03-28', '', ''),
(9, 'BXSUBOCHA20230331', 12, 75, '2023-04-12', '2026-04-12', '', ''),
(12, 'BXSUBPT-IN20230505', 11, 104, '2023-06-26', '2026-06-26', '0002', '');

-- --------------------------------------------------------

--
-- Table structure for table `company_detail`
--

CREATE TABLE `company_detail` (
  `user_id` int NOT NULL,
  `company_phone` varchar(128) CHARACTER SET utf8mb4 COLLATE utf8mb4_bin DEFAULT NULL,
  `company_country` varchar(11) CHARACTER SET utf8mb4 COLLATE utf8mb4_bin NOT NULL,
  `company_field` int NOT NULL,
  `pic_name` varchar(128) CHARACTER SET utf8mb4 COLLATE utf8mb4_bin NOT NULL,
  `pic_position` varchar(128) CHARACTER SET utf8mb4 COLLATE utf8mb4_bin NOT NULL,
  `pic_email` text CHARACTER SET utf8mb4 COLLATE utf8mb4_bin NOT NULL,
  `pic_phone` varchar(128) CHARACTER SET utf8mb4 COLLATE utf8mb4_bin NOT NULL,
  `becdex_category_id` int NOT NULL,
  `description_company` text COLLATE utf8mb4_bin,
  `address` text CHARACTER SET utf8mb4 COLLATE utf8mb4_bin,
  `weblink` varchar(255) COLLATE utf8mb4_bin DEFAULT NULL,
  `company_brand` text CHARACTER SET utf8mb4 COLLATE utf8mb4_bin NOT NULL
) ENGINE=InnoDB DEFAULT CHARSET=utf8mb4 COLLATE=utf8mb4_bin;

--
-- Dumping data for table `company_detail`
--

INSERT INTO `company_detail` (`user_id`, `company_phone`, `company_country`, `company_field`, `pic_name`, `pic_position`, `pic_email`, `pic_phone`, `becdex_category_id`, `description_company`, `address`, `weblink`, `company_brand`) VALUES
(9, '089525765206', 'ID', 9, 'Jonathan Doe', 'Head of Public', 'admin@admin.com', '087657567', 3, NULL, 'Jalan Pahlawan', NULL, 'aaa'),
(11, '089525765206', 'AE', 2, 'Jonathan Doe', 'Head of Public', 'admin@admin.com', '0895257652', 4, NULL, 'Jalan Sudirman', NULL, ''),
(22, '29602153', 'ID', 1, 'RONALD', 'CEO', 'ronaldikansegar@gmail.com', '082298443979', 0, NULL, 'Gedung Pasar Ikan Modern Muara Baru (PIM), Jakarta. (Operasional). \r\nKirana Tower II, Level 10-A, JL. Boulevard Timur No. 88 Kelapa Gading,Jakarta Utara. (Head Office)\r\n', NULL, 'Ikan Segar Indonesia'),
(34, '+62| 82290333669', 'ID', 1, 'Rizki', 'Ketua', 'muhammadrizkitkj123@gmail.com', '082290333669', 0, NULL, 'jl testing', NULL, ''),
(84, NULL, 'ID', 1, 'Agung Widiyanto', 'CEO', 'agungwidiyanto@gmail.com', '6281313161678', 0, NULL, NULL, NULL, ''),
(102, NULL, 'ID', 9, 'Kaisar', 'Director', 'kaisarakhir@becdex.com', '08998227218', 0, NULL, NULL, NULL, ''),
(103, NULL, 'ID', 3, 'Kaisar', 'Director', 'kaisarakhir@gmail.com', '08998227218', 0, NULL, NULL, NULL, ''),
(104, '+62| 82290333669', 'CR', 6, 'Rizki', 'Ketua', 'rizkiwalker15@gmail.com', '082290333669', 4, 'perusahan yang ', 'STIE Indonesia Jakarta, Jalan Pratekan.9A Kampus C, Rawamangun, Kota Jakarta Timur, Daerah Khusus Ibukota Jakarta 13220\r\n', 'https://becdex.com', ''),
(105, '+1242| 2445678', 'ID', 1, 'Nyayy', 'picposition', 'picemail@gmail.com', '08984430153', 0, NULL, 'Jl lingkar Villa Lingkar Mas blok B7', NULL, ''),
(106, NULL, 'AO', 5, 'Rizki', 'ketua', 'bambang@gmail.com', '082290333669', 0, NULL, NULL, NULL, ''),
(107, NULL, 'ID', 2, 'BIRU', 'Owner', 'aronpakpahan5@gmail.com', '12131312321', 0, NULL, NULL, NULL, ''),
(108, NULL, 'ID', 2, 'BIRU', 'OWNER', 'BIRUMUDA@GMAIL', '012302132108', 0, NULL, NULL, NULL, ''),
(109, NULL, 'ID', 1, 'Adit', 'Intern', 'aditamaaa04@gmail.com', '083130562425', 0, NULL, NULL, NULL, ''),
(110, NULL, 'ID', 1, 'Gilang', 'WDA', 'gilangharsya85@gmail.com', '089637402426', 0, NULL, NULL, NULL, '');

-- --------------------------------------------------------

--
-- Table structure for table `company_field`
--

CREATE TABLE `company_field` (
  `id_company_field` int NOT NULL,
  `field_name` varchar(128) NOT NULL
) ENGINE=InnoDB DEFAULT CHARSET=utf8mb4 COLLATE=utf8mb4_0900_ai_ci;

--
-- Dumping data for table `company_field`
--

INSERT INTO `company_field` (`id_company_field`, `field_name`) VALUES
(1, 'Marine Fisheries and Aquaculture'),
(2, 'Maritime Transport, Shipping, and Ports'),
(3, 'Marine Tourism and Cruise Ships'),
(4, 'Biotechnology and Marine Bioproducts Processing'),
(5, 'Seawater Desalination'),
(6, 'Deep Sea Mining, Oil, and Gas'),
(7, 'Marine Renewable Energy'),
(8, 'Ship and Boat Building'),
(9, 'Ocean Building'),
(10, 'Marine Defense and Security'),
(11, 'Maritime Research and Education');

-- --------------------------------------------------------

--
-- Table structure for table `countries`
--

CREATE TABLE `countries` (
  `id_country` int NOT NULL,
  `iso` varchar(3) CHARACTER SET utf8mb4 COLLATE utf8mb4_bin NOT NULL,
  `nicename` varchar(128) CHARACTER SET utf8mb4 COLLATE utf8mb4_bin NOT NULL
) ENGINE=InnoDB DEFAULT CHARSET=utf8mb4 COLLATE=utf8mb4_bin;

--
-- Dumping data for table `countries`
--

INSERT INTO `countries` (`id_country`, `iso`, `nicename`) VALUES
(1, 'AL', 'Albania '),
(2, 'DZ', 'Algeria'),
(3, 'AO', 'Angola'),
(4, 'AG', 'Antigua and Barbuda'),
(5, 'AR', 'Argentina'),
(6, 'AU', 'Australia'),
(7, 'AZ', 'Azerbaijan'),
(8, 'AZ', 'Bahamas'),
(9, 'BH', 'Bahrain'),
(10, 'BD', 'Bangladesh'),
(11, 'BY', 'Belarus'),
(12, 'BE', 'Belgium'),
(13, 'BZ', 'Belize'),
(14, 'BJ', 'Benin'),
(15, 'BA', 'Bosnia and Herzegovina'),
(16, 'BR', 'Brazil'),
(17, 'BN', 'Brunei Darussalam'),
(18, 'BG', 'Bulgaria'),
(19, 'CV', 'Cabo Verde'),
(20, 'KH', 'Cambodia'),
(21, 'CM', 'Cameroon'),
(22, 'CA', 'Canada'),
(23, 'CL', 'Chile'),
(24, 'CN', 'China'),
(25, 'CO', 'Colombia'),
(26, 'CO', 'Comoros'),
(27, 'KM', 'Congo'),
(28, 'CR', 'Costa Rica'),
(29, 'CI', 'Côte D Ivoire'),
(30, 'HR', 'Croatia'),
(31, 'CU', 'Cuba'),
(32, 'CY', 'Cyprus'),
(33, 'DO', 'DPR Korea'),
(34, 'DO', 'DR Congo'),
(35, 'DK', 'Denmark'),
(36, 'DJ', 'Djibouti'),
(37, 'DM', 'Dominica'),
(38, 'DM', 'Dominican Republic'),
(39, 'EC', 'Ecuador'),
(40, 'EG', 'Egypt'),
(41, 'SV', 'El Salvador'),
(42, 'GQ', 'Equatorial Guinea'),
(43, 'ER', 'Eritrea'),
(44, 'EE', 'Estonia'),
(45, 'FJ', 'Fiji'),
(46, 'FI', 'Finland'),
(47, 'FR', 'France'),
(48, 'GA', 'Gabon'),
(49, 'GA', 'Gambia'),
(50, 'GE', 'Georgia'),
(51, 'DE', 'Germany'),
(52, 'GH', 'Ghana'),
(53, 'GR', 'Greece'),
(54, 'GD', 'Grenada'),
(55, 'GT', 'Guatemala'),
(56, 'GN', 'Guinea'),
(57, 'GN', 'Guinea Bissau'),
(58, 'GY', 'Guyana'),
(59, 'HT', 'Haiti'),
(60, 'HN', 'Honduras'),
(61, 'IS', 'Iceland'),
(62, 'IN', 'India'),
(63, 'ID', 'Indonesia'),
(64, 'IR', 'Iran (Islamic Republic of)'),
(65, 'IQ', 'Iraq'),
(66, 'IE', 'Ireland'),
(67, 'IL', 'Israel'),
(68, 'IT', 'Italy'),
(69, 'JM', 'Jamaica'),
(70, 'JP', 'Japan'),
(71, 'JO', 'Jordan'),
(72, 'KZ', 'Kazakhstan'),
(73, 'KE', 'Kenya'),
(74, 'KI', 'Kiribati'),
(75, 'KW', 'Kuwait'),
(76, 'LV', 'Latvia'),
(77, 'LB', 'Lebanon'),
(78, 'LR', 'Liberia'),
(79, 'LY', 'Libya'),
(80, 'LT', 'Lithuania'),
(81, 'MG', 'Madagascar'),
(82, 'MY', 'Malaysia'),
(83, 'MV', 'Maldives'),
(84, 'MT', 'Malta'),
(85, 'MT', 'Marshall Islands'),
(86, 'MR', 'Mauritania'),
(87, 'MU', 'Mauritius'),
(88, 'MX', 'Mexico'),
(89, 'FM', 'Micronesia (Federated States of)'),
(90, 'MC', 'Monaco '),
(91, 'ME', 'Montenegro'),
(92, 'MA', 'Morocco'),
(93, 'MZ', 'Mozambique'),
(94, 'MM', 'Myanmar'),
(95, 'NA', 'Namibia'),
(96, 'NR', 'Nauru'),
(97, 'NP', 'Netherlands'),
(98, 'NZ', 'New Zealand'),
(99, 'NI', 'Nicaragua'),
(100, 'NG', 'Nigeria'),
(101, 'NO', 'Norway'),
(102, 'OM', 'Oman'),
(103, 'PK', 'Pakistan'),
(104, 'PW', 'Palau'),
(105, 'PA', 'Panama'),
(106, 'PG', 'Papua New Guinea'),
(107, 'PE', 'Peru'),
(108, 'PE', 'Philippines'),
(109, 'PL', 'Poland'),
(110, 'PT', 'Portugal'),
(111, 'QA', 'Qatar'),
(112, 'QA', 'Republic of Korea'),
(113, 'RO', 'Romania'),
(114, 'RO', 'Russian Federation'),
(115, 'KN', 'Saint Kitts and Nevis'),
(116, 'LC', 'Saint Lucia'),
(117, 'VC', 'Saint Vincent and the Grenadines'),
(118, 'WS', 'Samoa'),
(119, 'ST', 'Sao Tome and Principe'),
(120, 'SA', 'Saudi Arabia'),
(121, 'SN', 'Senegal'),
(122, 'SC', 'Seychelles'),
(123, 'SL', 'Sierra Leone'),
(124, 'SG', 'Singapore'),
(125, 'SI', 'Slovenia'),
(126, 'AX', 'Solomon Islands'),
(127, 'SO', 'Somalia'),
(128, 'ZA', 'South Africa'),
(129, 'ES', 'Spain'),
(130, 'LK', 'Sri Lanka'),
(131, 'LK', 'Sudan'),
(132, 'SR', 'Suriname'),
(133, 'SE', 'Sweden'),
(134, 'SY', 'Syrian Arab Republic'),
(135, 'TJ', 'Tanzania'),
(136, 'TH', 'Thailand'),
(137, 'TL', 'Timor-Leste'),
(138, 'TG', 'Togo'),
(139, 'TO', 'Tonga'),
(140, 'TT', 'Trinidad and Tobago'),
(141, 'TN', 'Tunisia'),
(142, 'TR', 'Türkiye'),
(143, 'TM', 'Turkmenistan'),
(144, 'TV', 'Tuvalu'),
(145, 'UA', 'Ukraine'),
(146, 'UA', 'United Arab Emirates'),
(147, 'AE', 'United Kingdom of Great Britain and Northern Ireland'),
(148, 'UM', 'United States of America'),
(149, 'UY', 'Uruguay '),
(150, 'VU', 'Vanuatu'),
(151, 'VE', 'Venezuela, Bolivarian Republic of'),
(152, 'VN', 'Viet Nam'),
(153, 'YE', 'Yemen');

-- --------------------------------------------------------

--
-- Table structure for table `document`
--

CREATE TABLE `document` (
  `id_document` int NOT NULL,
  `submission_id` varchar(128) CHARACTER SET utf8mb4 COLLATE utf8mb4_bin NOT NULL,
  `indicator_id` int NOT NULL,
  `file` text CHARACTER SET utf8mb4 COLLATE utf8mb4_bin NOT NULL,
  `upload_date` timestamp NOT NULL DEFAULT CURRENT_TIMESTAMP ON UPDATE CURRENT_TIMESTAMP
) ENGINE=InnoDB DEFAULT CHARSET=utf8mb4 COLLATE=utf8mb4_bin;

--
-- Dumping data for table `document`
--

INSERT INTO `document` (`id_document`, `submission_id`, `indicator_id`, `file`, `upload_date`) VALUES
(199, 'BXSUBPT-TE20230331', 1, '6426457a2e219_1680229754_Modul1-1_pemograman_web_lanjut.pdf', '2023-03-31 02:29:15'),
(200, 'BXSUBPT-TE20230331', 2, '642645df780c1_1680229855_testing_becdex.pdf', '2023-03-31 02:30:55'),
(201, 'BXSUBPT-TE20230331', 3, '642645fcd27d6_1680229884_testing_becdex.pdf', '2023-03-31 02:31:24'),
(207, 'BXSUBPT-TE20230331', 4, '64264677f3055_1680230007_testing_becdex.pdf', '2023-03-31 02:33:28'),
(208, 'BXSUBPT-TE20230331', 5, '64264689c6cbe_1680230025_testing_becdex.pdf', '2023-03-31 02:33:45'),
(209, 'BXSUBPT-TE20230331', 6, '642646cc00aab_1680230092_testing_becdex.pdf', '2023-03-31 02:34:52'),
(210, 'BXSUBPT-TE20230331', 7, '642646d653fe7_1680230102_testing_becdex.pdf', '2023-03-31 02:35:02'),
(211, 'BXSUBPT-TE20230331', 8, '642646ffe2057_1680230143_testing_becdex.pdf', '2023-03-31 02:35:43'),
(212, 'BXSUBPT-TE20230331', 9, '64264716bb0f3_1680230166_testing_becdex.pdf', '2023-03-31 02:36:06'),
(213, 'BXSUBPT-TE20230331', 10, '6426474cea3db_1680230220_testing_becdex.pdf', '2023-03-31 02:37:00'),
(216, 'BXSUBPT-TE20230331', 11, '6426476b5008e_1680230251_testing_becdex.pdf', '2023-03-31 02:37:31'),
(217, 'BXSUBPT-TE20230331', 12, '642647816f918_1680230273_testing_becdex.pdf', '2023-03-31 02:37:53'),
(218, 'BXSUBPT-TE20230331', 14, '642647d64c918_1680230358_testing_becdex.pdf', '2023-03-31 02:39:18'),
(219, 'BXSUBPT-TE20230331', 15, '642647e789ca6_1680230375_testing_becdex.pdf', '2023-03-31 02:39:35'),
(220, 'BXSUBPT-TE20230331', 13, '642649fbc0e28_1680230907_testing_becdex.pdf', '2023-03-31 02:48:27'),
(221, 'BXSUBPT-TE20230331', 16, '64264a061e94b_1680230918_testing_becdex.pdf', '2023-03-31 02:48:38'),
(222, 'BXSUBPT-TE20230331', 17, '64264a42863c0_1680230978_testing_becdex.pdf', '2023-03-31 02:49:38'),
(223, 'BXSUBPT-TE20230331', 18, '64264a4eba423_1680230990_testing_becdex.pdf', '2023-03-31 02:49:50'),
(224, 'BXSUBPT-TE20230331', 19, '64264a59e343d_1680231001_testing_becdex.pdf', '2023-03-31 02:50:01'),
(225, 'BXSUBPT-TE20230331', 20, '64264a9ef1235_1680231070_testing_becdex.pdf', '2023-03-31 02:51:10'),
(226, 'BXSUBPT-TE20230331', 21, '64264aac2e855_1680231084_testing_becdex.pdf', '2023-03-31 02:51:24'),
(227, 'BXSUBPT-TE20230331', 22, '64264abca6fbc_1680231100_testing_becdex.pdf', '2023-03-31 02:51:40'),
(228, 'BXSUBPT-TE20230331', 23, '64264acedea9d_1680231118_testing_becdex.pdf', '2023-03-31 02:51:58'),
(229, 'BXSUBPT-TE20230331', 24, '64264adc18459_1680231132_testing_becdex.pdf', '2023-03-31 02:52:12'),
(230, 'BXSUBPT-TE20230331', 25, '64264af8883b1_1680231160_testing_becdex.pdf', '2023-03-31 02:52:40'),
(231, 'BXSUBPT-TE20230331', 26, '64264b26224d2_1680231206_testing_becdex.pdf', '2023-03-31 02:53:26'),
(232, 'BXSUBPT-TE20230331', 27, '64264b3bc0507_1680231227_testing_becdex.pdf', '2023-03-31 02:53:47'),
(233, 'BXSUBPT-TE20230331', 28, '64264b4d278e6_1680231245_testing_becdex.pdf', '2023-03-31 02:54:05'),
(234, 'BXSUBPT-TE20230331', 29, '64264b5e3c1ac_1680231262_testing_becdex.pdf', '2023-03-31 02:54:22'),
(235, 'BXSUBPT-TE20230331', 30, '64264b6e2d976_1680231278_testing_becdex.pdf', '2023-03-31 02:54:38'),
(236, 'BXSUBPT-TE20230331', 31, '64264b8cc1914_1680231308_testing_becdex.pdf', '2023-03-31 02:55:09'),
(237, 'BXSUBPT-TE20230331', 32, '64264ba713884_1680231335_testing_becdex.pdf', '2023-03-31 02:55:35'),
(238, 'BXSUBPT-TE20230331', 33, '64264bb991dfb_1680231353_testing_becdex.pdf', '2023-03-31 02:55:53'),
(239, 'BXSUBPT-TE20230331', 34, '64264bd146b0f_1680231377_testing_becdex.pdf', '2023-03-31 02:56:17'),
(240, 'BXSUBPT-TE20230331', 35, '64264bf2505d2_1680231410_testing_becdex.pdf', '2023-03-31 02:56:50'),
(241, 'BXSUBPT-TE20230331', 36, '64264c14a6185_1680231444_testing_becdex.pdf', '2023-03-31 02:57:24'),
(242, 'BXSUBPT-TE20230331', 37, '64264c2483274_1680231460_testing_becdex.pdf', '2023-03-31 02:57:40'),
(243, 'BXSUBPT-TE20230331', 38, '64264c2e6e8d7_1680231470_testing_becdex.pdf', '2023-03-31 02:57:50'),
(244, 'BXSUBPT-TE20230331', 39, '64264c3cc5081_1680231484_testing_becdex.pdf', '2023-03-31 02:58:04'),
(245, 'BXSUBPT-TE20230331', 40, '64264c78490f8_1680231544_testing_becdex.pdf', '2023-03-31 02:59:04'),
(246, 'BXSUBPT-TE20230331', 41, '64264c85ee162_1680231557_testing_becdex.pdf', '2023-03-31 02:59:17'),
(247, 'BXSUBPT-TE20230331', 42, '64264c9a157c8_1680231578_testing_becdex.pdf', '2023-03-31 02:59:38'),
(248, 'BXSUBPT-TE20230331', 43, '64264ca7a7954_1680231591_testing_becdex.pdf', '2023-03-31 02:59:51'),
(249, 'BXSUBPT-TE20230331', 44, '64264d0a9ed14_1680231690_testing_becdex.pdf', '2023-03-31 03:01:30'),
(250, 'BXSUBPT-TE20230331', 45, '64264d31e6547_1680231729_testing_becdex.pdf', '2023-03-31 03:02:09'),
(251, 'BXSUBPT-TE20230331', 46, '64264d60438bb_1680231776_testing_becdex.pdf', '2023-03-31 03:02:56'),
(252, 'BXSUBPT-TE20230331', 47, '64264da540bf6_1680231845_testing_becdex.pdf', '2023-03-31 03:04:05'),
(253, 'BXSUBPT-TE20230331', 48, '64264db90cc3b_1680231865_testing_becdex.pdf', '2023-03-31 03:04:25'),
(254, 'BXSUBPT-TE20230331', 49, '64264dca63e5d_1680231882_testing_becdex.pdf', '2023-03-31 03:04:42'),
(255, 'BXSUBPT-TE20230331', 49, '64264de67438f_1680231910_testing_becdex.pdf', '2023-03-31 03:05:10'),
(256, 'BXSUBPT-TE20230331', 50, '64264f180b985_1680232216_testing_becdex.pdf', '2023-03-31 03:10:16'),
(257, 'BXSUBPT-TE20230331', 11, '642926d7637c6_1680418519_testing_becdex.pdf', '2023-04-02 06:55:19'),
(258, 'BXSUBPT-IK20230425', 2, '6448185f272de_1682446431_59b59dc6-c8b4-45c6-9147-64b6ace80bd8.pdf.zip', '2023-04-25 18:13:51'),
(260, 'BXSUBPT-IK20230425', 1, '644818d98564f_1682446553_SIUP_PT._IKAN_SEGAR_INDONESIA.pdf', '2023-04-25 18:15:54'),
(263, 'BXSUBPT-IN20230426', 1, '6448d0d45a226_1682493652_testing_becdex.pdf', '2023-04-26 07:20:52'),
(268, 'BXSUBPT-IK20230426', 1, '6448d5024b10c_1682494722_Izin_Tata_Ruang_Laut.pdf', '2023-04-26 07:38:42'),
(269, 'BXSUBPT-IK20230426', 2, '6448d59f4149d_1682494879_Perlindungan_Ekosistem_Laut.pdf', '2023-04-26 07:41:19'),
(270, 'BXSUBPT-IK20230426', 3, '6448d5d0edb2f_1682494928_Aktivitas_Ramah_Lingkungan.pdf', '2023-04-26 07:42:08'),
(271, 'BXSUBPT-IK20230426', 4, '6448d5f5adf42_1682494965_Perlindungan_Ekosistem.pdf', '2023-04-26 07:42:45'),
(272, 'BXSUBPT-IK20230426', 5, '6448d614d0117_1682494996_Penerapan_Sistem_Air_Bersih.pdf', '2023-04-26 07:43:16'),
(273, 'BXSUBPT-IK20230426', 6, '6448d62d28d44_1682495021_IPAL.pdf', '2023-04-26 07:43:41'),
(274, 'BXSUBPT-IK20230426', 7, '6448d654c7978_1682495060_Penampungan_Limbah.pdf', '2023-04-26 07:44:20'),
(275, 'BXSUBPT-IK20230426', 8, '6448d66ff1dd0_1682495087_Pengelolaan_Limbah.pdf', '2023-04-26 07:44:47'),
(276, 'BXSUBPT-IK20230426', 9, '6448d69e35d2b_1682495134_Jumlah_Gas_Rumah_Kaca.pdf', '2023-04-26 07:45:34'),
(277, 'BXSUBPT-IK20230426', 10, '6448d6c0cc681_1682495168_Ekosistem_Gas_Rumah_Kaca.pdf', '2023-04-26 07:46:08'),
(278, 'BXSUBPT-IK20230426', 11, '6448d6dc9949b_1682495196_Penggunaan_Plastik.pdf', '2023-04-26 07:46:36'),
(279, 'BXSUBPT-IK20230426', 12, '6448d70e344a3_1682495246_perencanaan_dalam_pengelolaan_air.pdf', '2023-04-26 07:47:26'),
(280, 'BXSUBPT-IK20230426', 13, '6448d7240a400_1682495268_sistem_manajemen_energi.pdf', '2023-04-26 07:47:48'),
(281, 'BXSUBPT-IK20230426', 14, '6448d745d349b_1682495301__penghematan:konservasi_energ.pdf', '2023-04-26 07:48:21'),
(282, 'BXSUBPT-IK20230426', 15, '6448d762649e7_1682495330_energi_bersih_dan_terbarukan.pdf', '2023-04-26 07:48:50'),
(283, 'BXSUBPT-IK20230426', 16, '6448d79676164_1682495382_memberikan_kesempatan:beasiswa_.pdf', '2023-04-26 07:49:42'),
(284, 'BXSUBPT-IK20230426', 17, '6448d7cf8c7f4_1682495439_enyediakan_tempat_tinggal_dan_peralatan_kebersihan.pdf', '2023-04-26 07:50:39'),
(285, 'BXSUBPT-IK20230426', 18, '6448d7e98d09b_1682495465_menyediakan_akses_kepada_makanan_dan_minuman.pdf', '2023-04-26 07:51:05'),
(286, 'BXSUBPT-IK20230426', 19, '6448d80999d1d_1682495497__menyediakan_akses_dan_asuransi_kesehatan.pdf', '2023-04-26 07:51:37'),
(287, 'BXSUBPT-IK20230426', 20, '6448d8213ebaf_1682495521_menyediakan_lingkungan_kerja_yang_aman.pdf', '2023-04-26 07:52:01'),
(288, 'BXSUBPT-IK20230426', 21, '6448d84fbb9be_1682495567_perusahaan_menyediakan_lingkungan_kerja.pdf', '2023-04-26 07:52:47'),
(289, 'BXSUBPT-IK20230426', 22, '6448d86bb791c_1682495595__perusahaan_secara_berkala_berkonsultasi.pdf', '2023-04-26 07:53:15'),
(290, 'BXSUBPT-IK20230426', 23, '6448d885880d2_1682495621_perusahaan_membuka_lowongan_pekerjaan_.pdf', '2023-04-26 07:53:41'),
(291, 'BXSUBPT-IK20230426', 24, '6448d8a01a793_1682495648_perusahaan_ikut_serta_dalam_menjaga_dan_mempromosikan_budaya.pdf', '2023-04-26 07:54:08'),
(292, 'BXSUBPT-IK20230426', 25, '6448d8d1bbeb1_1682495697_memiliki_akses_ke_sumberdaya_alam_.pdf', '2023-04-26 07:54:57'),
(293, 'BXSUBPT-IK20230426', 26, '6448d8fbc33e2_1682495739__perusahaan_memberikan_kesempatan_untuk_pekerja_berserikat.pdf', '2023-04-26 07:55:39'),
(294, 'BXSUBPT-IK20230426', 27, '6448d916efe04_1682495766_perusahaan_menerapkan_prinsip_kesetaraan.pdf', '2023-04-26 07:56:06'),
(295, 'BXSUBPT-IK20230426', 28, '6448d93240d94_1682495794_perusahaan_terbuka_terhadap_negosiasi.pdf', '2023-04-26 07:56:34'),
(296, 'BXSUBPT-IK20230426', 29, '6448d95103d84_1682495825_hak-hak_pekerja_perempuan_dipenuhi.pdf', '2023-04-26 07:57:05'),
(297, 'BXSUBPT-IK20230426', 30, '6448d96b4c8a3_1682495851_pemuda_yang_bekerja_dalam_perusahaan.pdf', '2023-04-26 07:57:31'),
(298, 'BXSUBPT-IK20230426', 31, '6448d991080fb_1682495889_enyandang_disabilitas_yang_bekerja_dalam_perusahaan.pdf', '2023-04-26 07:58:09'),
(300, 'BXSUBPT-IK20230426', 32, '6448d9b0b8ae4_1682495920_tidak_ada_kerja_paksa_dalam_perusahaan.pdf', '2023-04-26 07:58:40'),
(301, 'BXSUBPT-IK20230426', 33, '6448d9cd9bae2_1682495949_tidak_ada_kerja_paksa_dalam_perusahaan.pdf', '2023-04-26 07:59:09'),
(302, 'BXSUBPT-IK20230426', 34, '6448d9f1632c3_1682495985_perusahaan_memberikan_remunerasi_yang_setara.pdf', '2023-04-26 07:59:45'),
(303, 'BXSUBPT-IK20230426', 35, '6448da0e21030_1682496014__perusahaan_memberikan_kesempatan_untuk_pekerja_musiman_dan_paruh_waktu.pdf', '2023-04-26 08:00:14'),
(304, 'BXSUBPT-IK20230426', 36, '6448da26326d6_1682496038_perusahaan_menerapkan_kontrak_kerja_yang_berkeadilan.pdf', '2023-04-26 08:00:38'),
(305, 'BXSUBPT-IK20230426', 37, '6448da3f75a50_1682496063_perusahaan_menerapkan_kontrak_kerja_yang_berkeadilan.pdf', '2023-04-26 08:01:03'),
(306, 'BXSUBPT-IK20230426', 38, '6448da5b9befe_1682496091_perusahaan_menerapkan_waktu_kerja_sesuai_peraturan_perundang-undangan.pdf', '2023-04-26 08:01:31'),
(307, 'BXSUBPT-IK20230426', 39, '6448da79e7037_1682496121_perusahaan_memberikan_cuti_hamil.pdf', '2023-04-26 08:02:01'),
(308, 'BXSUBPT-IK20230426', 40, '6448da91ef37d_1682496145_perusahaan_memberikan_pesangon.pdf', '2023-04-26 08:02:25'),
(309, 'BXSUBPT-IK20230426', 41, '6448dac4c7b63_1682496196_perusahaan_menggaji_karyawannya_sesuai_standar.pdf', '2023-04-26 08:03:16'),
(310, 'BXSUBPT-IK20230426', 42, '6448dadaafa7d_1682496218_perusahaan_memberikan_tunjangan_gaji_yang_layak.pdf', '2023-04-26 08:03:38'),
(311, 'BXSUBPT-IK20230426', 43, '6448daee297e0_1682496238_perusahaan_memberikan_tunjangan_gaji_yang_layak.pdf', '2023-04-26 08:03:58'),
(312, 'BXSUBPT-IK20230426', 44, '6448db0ad9412_1682496266_perusahaan_mentaati_pembayaran_pajak_negera_.pdf', '2023-04-26 08:04:26'),
(313, 'BXSUBPT-IK20230426', 45, '6448db216cc02_1682496289_perusahaan_membayar_retribusi.pdf', '2023-04-26 08:04:49'),
(316, 'BXSUBPT-IK20230426', 46, '6448db6538711_1682496357__perusahaan_memiliki_kesepakatan_yang_jelas_kepada_pelanggan.pdf', '2023-04-26 08:05:57'),
(317, 'BXSUBPT-IK20230426', 47, '6448db7d95561_1682496381__perusahaan_memiliki_kesepakatan_yang_jelas_kepada_pelanggan.pdf', '2023-04-26 08:06:21'),
(318, 'BXSUBPT-IK20230426', 48, '6448db9da7d99_1682496413_perusahaan_menerapkan_proses_inovasi_.pdf', '2023-04-26 08:06:53'),
(319, 'BXSUBPT-IK20230426', 49, '6448dbb6a97c7_1682496438_perusahaan_ikut_serta_berkontribusi_dalam_pengembangan_UMKM_lokal.pdf', '2023-04-26 08:07:18'),
(320, 'BXSUBPT-IK20230426', 50, '6448dbcda1868_1682496461_perusahaan_ikut_serta_berkontribusi_dalam_pengembangan_UMKM_lokal.pdf', '2023-04-26 08:07:41');

-- --------------------------------------------------------

--
-- Table structure for table `download`
--

CREATE TABLE `download` (
  `id` int NOT NULL,
  `title` varchar(250) NOT NULL,
  `file` varchar(250) NOT NULL
) ENGINE=InnoDB DEFAULT CHARSET=utf8mb4 COLLATE=utf8mb4_0900_ai_ci;

--
-- Dumping data for table `download`
--

INSERT INTO `download` (`id`, `title`, `file`) VALUES
(6, 'Certification Agreement', '6476093dbcfc9_1685457213_Certification_Agreement_English_Version.pdf'),
(7, 'Blue Economy Company Index - Proposal', '642525cce795e_1680156108_Blue_Economy_Company_Index_-_Proposal.pdf');

-- --------------------------------------------------------

--
-- Table structure for table `indicator`
--

CREATE TABLE `indicator` (
  `id_indicator` int NOT NULL,
  `indicator_name` text NOT NULL,
  `indicator_desc` longtext NOT NULL,
  `principle_id` int NOT NULL
) ENGINE=InnoDB DEFAULT CHARSET=latin1;

--
-- Dumping data for table `indicator`
--

INSERT INTO `indicator` (`id_indicator`, `indicator_name`, `indicator_desc`, `principle_id`) VALUES
(1, 'Conformity to Marine Special Plans', 'Dokumen dapat berupa izin usaha dan keterangan domisili dari instansi pemerintah terkait yang mensyaratkan kesesuaian usaha pada rencana tata ruang laut\r\n', 1),
(2, 'Marine Ecosystem Restoration/ Protection', 'Dokumen dapat berupa kumpulan foto dan laporan kegiatan rutin perusahaan dalam melakukan upaya restorasi/perlindungan ekosistem laut seperti penanaman mangrove, rehabilitasi terumbu karang, perlindungan biota laut, pembersihan lingkungan pantai & laut dengan sekurang-kurangnya sebulan sekali', 1),
(3, 'Prohibition of Destructive Practices', 'Dokumen dapat berupa dokumen AMDAL dan laporan/ berita acara pekerjaan yang disertai dengan dokumentasi kegiatan', 1),
(4, 'Water-related Ecosystem Restoration/ Protection', 'Dokumen dapat berupa kumpulan foto dan laporan kegiatan rutin perusahaan dalam melakukan upaya restorasi/perlindungan ekosistem perairan seperti penanaman mangrove, vegetasi sungai, perlindungan biota perairan, pembersihan lingkungan sungai, danau atau waduk dengan sekurang-kurangnya sebulan sekali', 2),
(5, 'Clean Water System', 'Dokumen dapat berupa hasil uji AMDAL, deskripsi sistem air bersih yang digunakan, laporan atau hasil uji kualitas air yang memenuhi standar standar bahan air minum untuk non pangan, dan sesuai standar air minum untuk pangan dalam 6 bulan terakhir', 2),
(6, 'Wastewater Management', 'Dokumen dapat menunjukkan pengelolaan manajemen pengolahan air limbah sebelum dilakukan pembuangan, kapasitas IPAL yang sesuai dan memadai untuk operasional, atau hasil pembuangan air limbah sudah sesuai standar bahan air minum yang tidak mencemari lingkungan', 2),
(7, 'Waste Disposal', 'Dokumen dapat berupa dokumentasi atau layout tempat penampungan limbah yang sesuai dengan kapasitas dan under capacity', 2),
(8, 'Waste Management Plan', 'Dokumen dapat berupa dokumentasi atau rencana pengelolaan hasil limbah dengan menerapkan pemilahan sampa berdasarkan organik, non organik, medis, dan elektrik\r\nDokumen juga menyatakan dan dapat membuktikan bahwa limbah tidak menimbulkan bau yang dapat menganggu operasional', 2),
(9, 'Greenhouse Gas Accounting', 'Dokumen dapat berupa hasil perhitungan emisi gas rumah kaca yang digunakan perusahaan atau dapat menuliskan daftar peralatan, konsumsi listrik dan bahan-bahan yang digunakan dalam operasional yang menghasilkan emisi gas', 2),
(10, 'Greenhouse Gas Reduction', 'Dokumen dapat berupa rencana penerapan efektifitas dan efisiensi penggunaan bahan, peralatan dan konsumsi listrik, atau perusahaan telah menerapkan standar pembukaan Ruang Terbuka Hijau sesuai standar dari emisi gas yang dihasilkan', 2),
(11, 'Single-Use Plastic Reduction', 'Dokumen dapat berupa dokumentasi pengurangan penggunaan plastik sekali pakai dalam operasional selain untuk penggunaan kemasan dengan penggunaan plastik yang tidak berlebihan', 2),
(12, 'Water-use Management Plan', 'Dokumentasi dapat berupa perencanaan dan SOP penggunaan air dalam operasional atau dokumen perhitungan dan perencanaan penggunaan air dalam operasional selama 3 bulan terakhir', 3),
(13, 'Energy-use Management', 'Dokumen dapat menunjukkan kemampuan perusahaan dalam mengelola energi yang digunakan dalam bisnisnya, apakah dapat menggunakan secara efektif dan efisien\r\n', 3),
(14, 'Energy-use Reduction', 'Dokumentasi dapat berupa penerapan efektifitas dan efisiensi dalam penggunaan alat-alat, bahan-bahan atau konsumsi nlistrik yang dilakukan selama 3 bulan berturut-turut', 3),
(15, 'Renewable and Clean Energy Utilization', 'Dokumen dapat menunjukkan penggunaan energi terbarukan yang hemat daya, ramah lingkungan, dan mudah penggunaannya untuk menunjang kebutuhan operasional produksi atau layanan', 3),
(16, 'Access to Education', 'Dokumentasi dapat berupa SK kepada minimal satu karyawan untuk melanjutkan pendidikan formal dengan biaya penuh ditanggung perusahaan\r\nAtau dapat berupa dokumentasi pemberian peningkatan skill dan sertifikasi kepada karyawan dengan masing-masing perwakilan setiap departemen', 4),
(17, 'Access to Residence and Sanitary Amenities at Work', 'Dokumentasi dapat berupa dokumentasi fasilitas dan sarana seperti tempat tinggal yang bersih kepada karyawan yang membutuhkan (perantuan)\r\nAtau setidaknya dokumentasi perusahaan memiliki tempat istirahat yang layak dan bersih untuk karyawannya ketika jam istirahat\r\nDan peralatan kebersihan tersedia serta keadaan saniter terjaga, sebagai tempat yang nyaman selama karyawan bekerja atau berada di perusahaan / bisnis ', 4),
(18, 'Access to Safe Food and Drinking Water at Work', 'Dokumentasi dapat berupa makanan dan minuman yang tersedia di perusahaan untuk karyawan atau orang-orang di luar produk yang dijual memiliki kebersihan dan higienis yang standar, tempat makan sesuai dengan standar kebersihan, tidak ada lalat, luas ruang yang memadai dan sarana tempat makan yang sesuai', 4),
(19, 'Access to Medical Care and Insurance at Work', 'Dokumen dapat berupa daftar nama penerima manfaat asuransi kesehatan rawat jalan dan rawat inap.beserta bukti bayar premi manfaat minimal untuk pegawai tetapnya atau karyawan dengan masa kerja minimal 2 tahun\r\nAtau setidaknya dokumentasi fasilitas rawat jalann kepada seluruh karyawan dengan masa kerja minimal 1 bulan dan sudah terikat kontrak atau permanen', 4),
(20, 'Safety Working Conditions', 'Dokumentasi dapat berupa SOP kerja dan lingkungan dengan menjamin keamanan karyawannya dengan tidak membiarkan orang asing yang tidak berkepentingan masuk ke lingkungan kerja,<br />\r\nDokumentasi perusahaan juga menyediakan peralatan kerja dan pekerja menggunakan seragam dan peralatan kerja yang sesuai agar aman dan terhindar dari kecelakaan kerja', 4),
(21, 'Healthy Working Conditions', 'Dokumentasi dapat berupa lingkungan kerja yang sehat yang terjaga kebersihannya<br />\r\nSerta dengan melakukan skrining kepada karyawan sebelum bekerja, jika ada karyawan yang sakit agar diberikan izin khusus agar tidak mengikuti pekerjaan, agar tidak mengganggu pekerjaan dan menularkan kepada karyawan yang lain', 4),
(22, 'Community Consultation', 'Dokumentasi CSR perusahaan dengan terbuka dan/atau memberdayakan dengan komunitas yang berada di lingkungan perusahaan, baik dengan komunitas buruh, komunitas sesuai bidang bisnis, maupun komunitas penunjang bisnis', 5),
(23, 'Local Hiring', 'Dokumen dapat berupa daftar identitas nama pekerja yang setidaknya menunjukkan perusahaan memberdayakan pekerja setempat, setidaknya lebih dari 50% pekerjanya berada dalam kota yang sama', 5),
(24, 'Local Culture and Product Promotion', 'Dokumentasi bahwa perusahaan memberdayakan dan menjungjung budaya setempat yang berada di lingkungan perusahaan, baik yang berkaitan dengan buruh/pekerja ataupun pekerjaan', 5),
(25, 'Access to Natural Resources', 'Dokumen dapat menunjukkan komitmen dengan validasi tokoh setempat dengan tidak mengeksploitasi dan tidak mengganggu lingkungan sekitar, sehingga sumber daya alam, sourcing maupun aktivitas masyarakat sekitar tidak terganggu dan dapat dimanfaatkan masyarakat', 5),
(26, 'Freedom of Association', 'Dokumentasi dapat menunjukkan bahwa perusahaan memberikan kebebasan kepada karyawannya untuk berserikat atau berorganisasi baik di dalam perusahaan maupun di luar perusahaan selama karyawan tersebut tidak anarki dan masih menjaga ketertiban yang bisa dilampirkan dengan fotocopy KTA organisasi karyawan', 6),
(27, 'Non-Discrimination', 'Dokumen berupa SOP atau Aturan dalam perusahaan tidak terikat pada satu jenis golongan tertentu. Peraturan yang diterapkan perusahaan merupakan peraturan yang berlaku untuk umum dan adil kepada karyawan dan perusahaan', 6),
(28, 'Collective Bargaining', 'Dokumen berupa pernyataan bahwa perusahaan terbuaka menerima dari negosiasi buruh/pekerja baik perorangan maupun atas nama perserikatan pekerja di lingkungan perusahaan atau bisnis, perusahaan menerima aspirasi dari karyawan terkait hal-hal tentang pekerja dan mempertimbangkannya dengan adil dan seimbang', 6),
(29, 'Womens Labor Rights', 'Dokumen menunjukan apakah perusahaan dapat memenuhi hak-hak khusus yang dimiliki perempuan seperti hak untuk menutup diri, tidak melakukan pekerjaan berat di luar kemampuan, memberikan hak istimewa untuk hamil dan melahirkan dengan perjanjian yang adil Perusahaan tidak membatasi perempuan untuk menempati posisi tertentu. Perusahaan menerapkan kesetaraan gender, dengan didukung dokumentasi maupun komitmen tertulis perusahaan', 6),
(30, 'Youth Employment', 'Dokumen berupa bukti bahwa perusahaan memperkejakan, setidaknya lebih dari 50% untuk pekerja pemuda dengan rentang usia 18 - 30 tahun<br />\r\nAtau setidaknya perusahaan memiliki program managemen trainee yang konsisten untuk pemuda yang berkisar 18-25 tahun sebagai calon penerus bisnis yang cakap', 6),
(31, 'Employment of Persons with Disabilities', 'Dokumen menunjukkan data karyawan jika ada penyandang disabilitas', 6),
(32, 'No Forced Labor', 'Dokumen menunjukkan komitmen serta perjanjian kerja yang tertuang bahwa segala bentuk overtime dan pekerjaan yang diluar tanggung jawab tertulis wajib memberikan uang lembur maupun tunjangan kinerja/insentif yang sesuai dan adil', 7),
(33, 'Minimum Age and No Child Labor', 'Dokumen menunjukkan bahwa perusahaan tidak mempekerjakan anak dibawah usia <18 tahun', 7),
(34, 'Equal Remuneration', 'Dokumen Segala bentuk overtime dan pekerjaan yang diluar tanggung jawab tertulis wajib memberikan uang lembur maupun tunjangan kinerja/insentif yang sesuai dan adil', 7),
(35, 'Seasonal and Part-time Workers Employment', 'Dokumen menunjukkan bahwa perusahaan memberikan kesempatan kepada pekerja part time / paruh waktu untuk posisi apapun\r\natau memberikan kesempatan magang baik kepada pelajar maupun lulusan baru setidaknya setiap atau dalam 2 tahun terakhir ini', 7),
(36, 'Fair Contract for Employees', 'Dokumen dapat berupa isi kontrak atau perjanjian kerja yang sesuai Undag-undang Cipta kerja dan berkeadialan', 7),
(37, 'On Time Payment of Wages', 'Dokumen menunjukkan bahwa perusahaan memberikan gaji tepat waktu, tanpa menunggak sama sekali jika tidak ada masalah teknis yang jelas\r\n', 7),
(38, 'Legal Working Hours', '\"Dokumen menunjukkan record absensi karyawan atau dokumentasi yang menunjukkan bahwa perusahaan menerapkan aturan jam kerja yang sesuai yaitu setidaknya 7 jam untuk 6 hari kerja dengan 1 harinya selama 4 jam, 8 jam untuk 5 hari kerja. Jika diluar itu maka wajib mengenakan overtime atau tunjangan lainnya.\r\nUntuk pekerjaan dengan sistem shift tidak menerapkan sistem overtime\"\r\n', 7),
(39, 'Paid Pregnancy, Parental and Sick Leave', 'Dokumen dapat berupa kontrak kerja atau dokumen Perusahaan memberikan cuti khusus kepada pekerja yang membutuhkan atau dalam situasi kondisional mendesak. Cuti khusus diberikan kepada karyawan setidaknya untuk cuti hamil, cuti melahirkan, cuti rawat inap, cuti menikah, cuti berduka.\r\n', 7),
(40, 'Retirement Benefits', 'Dokumen dapat berupa kontrak kerja dan komitmen perusahaan akan memberikan uang pesangon kepada karyawan tetap yang dihitung prorate setidaknya selama periode karyawan tersebut bekerja, dan memberikan uang kompensasi kepada karyawan tetap\r\n', 7),
(41, 'Minimum Wage', 'Dokumen menunjukkan bahwa pekerja kontrak atau pekerja tetap wajib memenuhi standar penggajian UMR/UMK\r\n', 8),
(42, 'Living Wage', '\"Dokumen menunjukkan bahwa tunjangan diberikan menyesuaikan perjanjian telah disepakati pada kontrak kerja\r\nSetidaknya jika ada pekerjaan yang dilakukan diluar tanggung jawab / jobdesk wajib memberikan tunjangan\r\nUntuk operasional yang dilakukan untuk kepentingan pekerjaan wajib memberikan tunjangan operasional dan tidak diperkenankan perusahaan membiarkan karyawan menggunakan uang pribadii untuk kepentingan operasional perusahaan\"\r\n', 8),
(43, 'Premiums', 'Dokumen dapat menunjukkan Penyediaan fasilitas BPJS ketenagakerjaan dan kesehatan kepada karyawan tetap/pekerja kontrak (PU) maupun pekerja harian (BPU), yang dipotong sebagian dari karyawan dan sebagiannya dibayarkan perusahaan dengan ketentuan yang berlaku beserta bukti bayar BPJS\r\n', 9),
(44, 'Tax Compliance', 'Dokumen dapat membuktikan bahwa pembayaran pajak massa PPN dan PPH23 atas penggunaan jasa yang digunakan perusahaan/layanan maupun pajak lainnya yang berlaku secara benar dan tepat waktu\r\n', 9),
(45, 'Retribution Payment', 'Dokumentasi menunjukkan bahwa perusahaan membayar retribusi yang berlaku\r\n', 9),
(46, 'Agreement With Trader/ Costumers', '\"Dokumen menunjukkan bahwa segala bentuk perjanjian dengan klient, konsumer, atau supplier harus jelas dan terikat kontrak yang nilai transaksinya dilaporkan.\r\nKesepakatan yang jelas antara penggunaan jasa dan produk yang di beli\"\r\n', 10),
(47, 'Product Recycling and Reuse', 'Dokumen membuktikan bahwa perusahaan menerapkan sekecil mungkin kemungkinan limbah yang dihasilkan dengan berusaha memanfaatkan prinsip daur ulang, penggunaan kembali yang zero waste yang tidak banyak menghasilkan limbah\r\n', 10),
(48, 'Innovation and Technological Intervention', 'Dokumen menunjukkan bahwa perusahaan senantiasa menerapkan inovasi dan kreatif dengan memanfaatkan teknologi yang terus berkembang sehingga membawa kemajuan untuk perusahaan dan memudahkan operasional \r\n', 10),
(49, 'Local Micro-, Small-, and Medium Sized Enterprises Development', '\"Dokumentasi menunjukkan komitmen bahwa perusahaan memberikan kesempatan kepada UMKM untuk melakukan usahanya di lingkungan perusahaan\r\ndan/atau memberdayakan produk UMKM dalam layanan/produksinya yang menggunakan bahan-bahan dari UMKM sekitar dengan dibuktikan dengan dokumentasi yang sudah berjalan\"\r\n', 10),
(50, 'Digital Transformation', 'Dokumen menunjukkan bahwa perusahaan melakukan transformasi digital dalam operasional, seperti menggunakan sistem aplikasi proses, pencatatan digital yang terintegerasi, ketertelusuran dan kemudahan dalam membaca dan mencari data, sehingga operasional perusahaan dapat berjalan dengan baik dan mudah agar mudah dalam control/pengawasan\r\n', 10);

-- --------------------------------------------------------

--
-- Table structure for table `outcome`
--

CREATE TABLE `outcome` (
  `id_outcome` int NOT NULL,
  `outcome_name` varchar(100) NOT NULL,
  `aspect_id` int NOT NULL
) ENGINE=InnoDB DEFAULT CHARSET=latin1;

--
-- Dumping data for table `outcome`
--

INSERT INTO `outcome` (`id_outcome`, `outcome_name`, `aspect_id`) VALUES
(1, 'Food Security and Reduced Ecological Scarcities', 1),
(2, 'Food Security and Reduced Environmental Risk', 1),
(3, 'Improved Human Well Being', 2),
(4, 'Quality Jobs', 2),
(5, 'Poverty Eradication', 3),
(6, 'Economic Growth', 3),
(7, 'Sustainable Production and Consumption', 3),
(8, 'testing', 3);

-- --------------------------------------------------------

--
-- Table structure for table `payment`
--

CREATE TABLE `payment` (
  `id_payment` int NOT NULL,
  `submission_id` varchar(128) CHARACTER SET utf8mb4 COLLATE utf8mb4_bin NOT NULL,
  `file` text CHARACTER SET utf8mb4 COLLATE utf8mb4_bin NOT NULL,
  `upload_date` timestamp NOT NULL DEFAULT CURRENT_TIMESTAMP ON UPDATE CURRENT_TIMESTAMP,
  `status` int NOT NULL
) ENGINE=InnoDB DEFAULT CHARSET=utf8mb4 COLLATE=utf8mb4_bin;

--
-- Dumping data for table `payment`
--

INSERT INTO `payment` (`id_payment`, `submission_id`, `file`, `upload_date`, `status`) VALUES
(1, 'BXSUBMARIT20221011', '1f5af3791a83b885009815045c1c21da.pdf', '2023-02-21 08:27:53', 2),
(2, 'BXSUBPT-RI20230225', '816ac49ac8c0019d28fafb67a0d01a7b.pdf', '2023-02-28 02:47:35', 2),
(3, 'BXSUBPT-IK20230426', 'ed87f6f213e922a7f106f0d6e235180f.pdf', '2023-04-26 08:28:48', 2);

-- --------------------------------------------------------

--
-- Table structure for table `payment_status`
--

CREATE TABLE `payment_status` (
  `id_payment_status` int NOT NULL,
  `status_name` varchar(128) CHARACTER SET utf8mb4 COLLATE utf8mb4_bin NOT NULL,
  `status_color` varchar(128) CHARACTER SET utf8mb4 COLLATE utf8mb4_bin NOT NULL
) ENGINE=InnoDB DEFAULT CHARSET=utf8mb4 COLLATE=utf8mb4_bin;

--
-- Dumping data for table `payment_status`
--

INSERT INTO `payment_status` (`id_payment_status`, `status_name`, `status_color`) VALUES
(1, 'Pending Approval', 'warning'),
(2, 'Accepted', 'success');

-- --------------------------------------------------------

--
-- Table structure for table `payment_users`
--

CREATE TABLE `payment_users` (
  `id` int NOT NULL,
  `submission_id` varchar(128) NOT NULL,
  `total_harga` double NOT NULL,
  `payment_type` varchar(50) NOT NULL,
  `transaction_time` datetime NOT NULL,
  `transaction_status` varchar(50) NOT NULL,
  `va_number` char(50) NOT NULL,
  `bank` varchar(50) NOT NULL,
  `user_id` int NOT NULL,
  `order_id` int NOT NULL,
  `transaction_time_done` datetime DEFAULT NULL
) ENGINE=InnoDB DEFAULT CHARSET=utf8mb4 COLLATE=utf8mb4_0900_ai_ci;

--
-- Dumping data for table `payment_users`
--

INSERT INTO `payment_users` (`id`, `submission_id`, `total_harga`, `payment_type`, `transaction_time`, `transaction_status`, `va_number`, `bank`, `user_id`, `order_id`, `transaction_time_done`) VALUES
(1, 'BXSUBMARIT20221011', 100000, 'bank_transfer', '2022-10-11 14:03:08', 'done', '72016923109', 'bca', 9, 1302007242, '2022-10-11 09:04:44'),
(2, 'BXSUBPT-RI20230225', 100000, 'bank_transfer', '2023-02-28 09:46:16', 'done', '720164038685410808', 'bri', 37, 1063239926, '2023-02-28 02:46:18'),
(3, 'BXSUBPT-RI20230307', 100000, 'bank_transfer', '2023-03-07 13:52:55', 'pending', '720162852171121377', 'bri', 37, 378035086, NULL),
(4, 'BXSUBPT-IK20230426', 100000, 'bank_transfer', '2023-04-26 15:28:05', 'done', '72016892664', 'bca', 22, 1464978278, '2023-04-26 08:28:25');

-- --------------------------------------------------------

--
-- Table structure for table `per_indicator_status`
--

CREATE TABLE `per_indicator_status` (
  `id_status_per` int NOT NULL,
  `name` varchar(128) CHARACTER SET utf8mb4 COLLATE utf8mb4_bin NOT NULL,
  `color` varchar(128) CHARACTER SET utf8mb4 COLLATE utf8mb4_bin NOT NULL
) ENGINE=InnoDB DEFAULT CHARSET=utf8mb4 COLLATE=utf8mb4_bin;

--
-- Dumping data for table `per_indicator_status`
--

INSERT INTO `per_indicator_status` (`id_status_per`, `name`, `color`) VALUES
(0, 'Not Uploaded', 'secondary'),
(1, 'Uploaded', 'warning'),
(2, 'Submitted', 'primary'),
(3, 'Verified', 'success'),
(4, 'Declined', 'danger');

-- --------------------------------------------------------

--
-- Table structure for table `principle`
--

CREATE TABLE `principle` (
  `id_principle` int NOT NULL,
  `principle_name` varchar(100) CHARACTER SET ascii COLLATE ascii_bin NOT NULL,
  `outcome_id` int NOT NULL
) ENGINE=InnoDB DEFAULT CHARSET=latin1;

--
-- Dumping data for table `principle`
--

INSERT INTO `principle` (`id_principle`, `principle_name`, `outcome_id`) VALUES
(1, 'Biodiversity Conservation', 1),
(2, 'Pollution Control', 2),
(3, 'Energy and Water Management', 2),
(4, 'Safe and Healthy Working Environment', 3),
(5, 'Social Inclusion', 3),
(6, 'Social Equity', 3),
(7, 'Labor Right Protection', 4),
(8, 'Wage Standards Fullfillments', 5),
(9, 'Tax and Insurance Compliances', 6),
(10, 'Competitive and Circular Economy', 7);

-- --------------------------------------------------------

--
-- Table structure for table `question`
--

CREATE TABLE `question` (
  `id_question` int NOT NULL,
  `indicator_id` int NOT NULL,
  `text` text CHARACTER SET utf8mb4 COLLATE utf8mb4_bin NOT NULL
) ENGINE=InnoDB DEFAULT CHARSET=utf8mb4 COLLATE=utf8mb4_bin;

--
-- Dumping data for table `question`
--

INSERT INTO `question` (`id_question`, `indicator_id`, `text`) VALUES
(1, 1, 'Apakah jenis usaha perusahaan berada pada lokasi usaha yang diperuntukkan sesuai dengan Rencana Tata Ruang Laut?<br />\r\n<br />\r\nIs the type of company\'s business located in a designated business location in accordance with the Marine Spatial Plan?<br />\r\n<br />\r\nKeterangan Bobot Skor:<br />\r\n<br />\r\nSkor: 2<br />\r\nMemiliki persyaratan dasar perizinan berusaha secara lengkap termasuk Kesesuaian Kegiatan Pemanfaatan Ruang Laut (KKPRL)<br />\r\n<br />\r\nSkor: 1 <br />\r\nMemiliki Kesesuaian Kegiatan Pemanfaatan Ruang Laut (KKPRL)'),
(2, 2, 'Apakah perusahaan secara rutin melakukan upaya restorasi/perlindungan ekosistem laut?<br />\r\n<br />\r\nKeterangan Bobot Skor:<br />\r\n<br />\r\nSkor: 2 <br />\r\nSetiap 3 bulan sekali<br />\r\n<br />\r\nSkor: 1 <br />\r\nSetiap 6 bulan sekali<br />\r\n<br />\r\nSkor: 0.5 <br />\r\nSetiap 1 tahun sekali'),
(3, 3, 'Apakah perusahaan menerapkan aktivitas yang ramah lingkungan / tidak merusak ekosistem?<br />\r\n<br />\r\nKeterangan Bobot Skor:<br />\r\n<br />\r\nSkor: 2 <br />\r\nMengikuti dan membuat peraturan pelanggaran praktek merusak<br />\r\n<br />\r\nSkor: 1 <br />\r\nMembuat peraturan pelarangan praktek merusak<br />\r\n<br />\r\nSkor: 0.5 <br />\r\nMengikuti peraturan pemerintah yang ada<br />\r\n'),
(4, 4, 'Apakah perusahaan secara rutin melakukan upaya restorasi/perlindungan ekosistem perairan?<br />\r\n<br />\r\nKeterangan Bobot Skor:<br />\r\n<br />\r\nSkor: 2 <br />\r\nSetiap 3 bulan sekali<br />\r\n<br />\r\nSkor: 1 <br />\r\nSetiap 6 bulan sekali<br />\r\n<br />\r\nSkor: 0.5 <br />\r\nSetiap 1 tahun sekali<br />\r\n'),
(5, 5, 'Apakah perusahaan menerapkan sistem air bersih?<br />\r\n<br />\r\nKeterangan Bobot Skor:<br />\r\n<br />\r\nSkor: 2 <br />\r\nMemiliki sumber air bersih dan pengairan independen<br />\r\n<br />\r\nSkor: 1 <br />\r\nMasih menggunakan air tanah'),
(6, 6, 'Apakah perusahaan telah menerapkan manajemen instalasi pengolahan air limbah (IPAL)?<br />\r\n<br />\r\nKeterangan Bobot Skor:<br />\r\n<br />\r\nSkor: 2 <br />\r\nMemiliki peraturan dan pengaturan air limbah secara berkelanjutan<br />\r\n<br />\r\nSkor: 1 <br />\r\nMemiliki peraturan atau pengaturan air limbah secara berkelanjtan'),
(7, 7, 'Apakah perusahaan memiliki tempat penampungan limbah?<br />\r\n<br />\r\nKeterangan Bobot Skor:<br />\r\n<br />\r\nSkor: 2 <br />\r\nMemiliki tempat pembungan limbah khusus<br />\r\n<br />\r\nSkor: 1 <br />\r\nMembuang limbah sesuai dengan ketentuan perundang-undangan'),
(8, 8, 'Apakah perusahaan menerapkan manajemen pengelolaan limbah?<br />\r\n<br />\r\nKeterangan Bobot Skor:<br />\r\n<br />\r\nSkor: 2 <br />\r\nMemiliki rancangan dan studi khusus tentang manajemen limbah<br />\r\n<br />\r\nSkor: 1 <br />\r\nMemiliki rancangan / studi khusus tentang manajemen limbah'),
(9, 9, 'Apakah perusahaan menghitung jumlah gas rumah kaca yang dihasilkan selama proses bisnis yang dilakukan?<br />\r\n<br />\r\nKeterangan Bobot Skor:<br />\r\n<br />\r\nSkor: 2 <br />\r\nMemiliki tim ahli & divisi khusus untuk menghitung gas rumah kaca<br />\r\n<br />\r\nSkor: 1 <br />\r\nMemiliki penghitungan gas rumah kaca dengan periode tertentu<br />\r\n<br />\r\nSkor: 0.5 <br />\r\nMelakukan penghitungan gas rumah kaca secara eksternal'),
(10, 10, 'Apakah perusahaan mengurangi penggunaan plastik sekali pakai dalam proses bisnisnya?<br />\r\n<br />\r\nKeterangan Bobot Skor:<br />\r\n<br />\r\nSkor: 2 <br />\r\n100% Tidak menggunakan plastik sekali pakai dalam praktek usaha<br />\r\n<br />\r\nSkor: 1<br />\r\n50% dari kegiatan usaha menggunakan plastik sekali pakai'),
(11, 11, 'Apakah perusahaan memiliki perencanaan dalam pengelolaan air?<br />\r\n<br />\r\nKeterangan Bobot Skor:<br />\r\n<br />\r\nSkor: 2 <br />\r\nMemiliki rancangan dan studi khusus manajemen penggunaan air<br />\r\n<br />\r\nSkor: 1<br />\r\nMemiliki rancangan atau studi khusus manajemen penggunaan air'),
(12, 12, 'Apakah perusahaan memiliki sistem manajemen energi dalam proses bisnisnya?<br />\r\n<br />\r\nakdkawdaw'),
(13, 13, 'Apakah perusahaan telah melakukan upaya penghematan/konservasi energi dalam proses bisnisnya?<br />\r\n<br />\r\nKeterangan Bobot Skor:<br />\r\n<br />\r\nSkor: 2<br />\r\nMelakukan 75% penghematan penggunaan energi<br />\r\n<br />\r\nSkor: 1<br />\r\nMelakukan 50% penghematan penggunaan energi<br />\r\n<br />\r\nSkor: 0.5<br />\r\nMelakukan 25% penghematan penggunaan energi'),
(14, 14, 'Apakah perusahaan telah menggunakan energi bersih dan terbarukan untuk proses bisnisnya?<br />\r\n<br />\r\nKeterangan Bobot Skor:<br />\r\n<br />\r\nSkor: 2<br />\r\nMenggunakan 75% Energi bersih dan terbarukan<br />\r\n<br />\r\nSkor: 1<br />\r\nMenggunakan 50% Energi bersih dan terbarukan<br />\r\n<br />\r\nSkor: 0.5<br />\r\nMenggunakan 25% Energi bersih dan terbarukan'),
(15, 15, 'Apakah perusahaan memberikan kesempatan/beasiswa untuk karyawannya melanjutkan pendidikan?<br />\r\n<br />\r\nKeterangan Bobot Skor:<br />\r\n<br />\r\nSkor: 2<br />\r\nMemberikan Beasiswa Penuh kepada Pekerja untuk Melanjutkan Pendidikan ke Jenjang Berikutnya<br />\r\n<br />\r\nSkor: 1<br />\r\nMemberikan Beasiswa Parsial kepada Pekerja untuk Melanjutkan Pendidikan ke Jenjang Berikutnya<br />\r\n<br />\r\nSkor: 0.5<br />\r\nMemberikan Izin Kuliah/Sekolah Saat Bekerja kepada Pekerja<br />\r\n'),
(16, 16, 'Apakah perusahaan menyediakan tempat tinggal dan peralatan kebersihan selama bekerja?<br />\r\n<br />\r\nKeterangan Bobot Skor:<br />\r\n<br />\r\nSkor: 2<br />\r\nMenyediakan Tempat Tinggal untuk Pekerja<br />\r\n<br />\r\nSkor: 1 <br />\r\nMemberikan Subsidi/Tunjangan Perumahan<br />\r\n<br />\r\nSkor: 0,5 <br />\r\nMenyediakan Transportasi Antar Jemput'),
(17, 17, 'Apakah perusahaan menyediakan akses kepada makanan dan minuman yang layak saat bekerja?<br />\r\n<br />\r\nKeterangan Bobot Skor:<br />\r\n<br />\r\nSkor: 2 <br />\r\nMemberikan Makanan dan Air Minum Secara Gratis<br />\r\n<br />\r\nSkor: 1<br />\r\nMemberikan Subsidi/Tunjangan Dana Konsumsi<br />\r\n<br />\r\nSkor: 0,5 <br />\r\nMenyediakan Makanan dan Air Minum dengan Harga Terjangkau'),
(18, 18, 'Apakah perusahaan menyediakan akses dan asuransi kesehatan pekerja?<br />\r\n<br />\r\nKeterangan Bobot Skor:<br />\r\n<br />\r\nSkor: 2<br />\r\nMenyediakan Fasilitas Kesehatan Tenaga Medis di Lingkungan Perusahaan dan Dibiayai Asuransi Kesehatan<br />\r\n<br />\r\nSkor: 1 <br />\r\nMenyediakan Fasilitas P3K dan Dibiayai Asuransi Kesehatan<br />\r\n'),
(19, 19, 'Apakah perusahaan menyediakan lingkungan kerja yang aman?<br />\r\n<br />\r\nKeterangan Bobot Skor:<br />\r\n<br />\r\nSkor: 2<br />\r\nMenyusun dan Melaksanakan Standar K3 di Lingkungan Kerja termasuk Penggunaan Alat Pelindung Diri<br />\r\n<br />\r\nSkor: 1<br />\r\nMenyediakan dan Mewajibkan Pekerja Menggunakan Alat<br />\r\nPelindung Diri di Lingkungan Kerja'),
(20, 20, 'Apakah perusahaan menyediakan lingkungan kerja yang sehat?<br />\r\n<br />\r\nKeterangan Bobot Skor:<br />\r\n<br />\r\nSkor: 2<br />\r\nMelakukan Pemeriksaan Kesehatan Badan, Kondisi Mental, dan Kemampuan Fisik Bekerja Minimal Setahun Sekali serta Memberikan Fasilitas Olahraga untuk Menjaga Kebugaran Pekerja<br />\r\n<br />\r\nSkor: 1<br />\r\nMelakukan Pemeriksaan Kesehatan Badan, Kondisi Mental, dan Kemampuan Fisik Bekerja Minimal Setahun Sekali<br />\r\n'),
(21, 21, 'Apakah perusahaan secara berkala berkonsultasi dengan komunitas yang berada di lingkungan kerja?<br />\r\n<br />\r\nKeterangan Bobot Skor:<br />\r\n<br />\r\nSkor: 2<br />\r\nMenyelenggarakan Kegiatan Konsultasi dengan Masyarakat,<br />\r\nSekali dalam Satu Bulan<br />\r\n<br />\r\nSkor: 1<br />\r\nMenyelenggarakan Kegiatan Konsultasi dengan Masyarakat, Sekali dalam Satu Semester<br />\r\n'),
(22, 22, 'Apakah perusahaan ikut serta dalam menjaga dan mempromosikan budaya setempat?<br />\r\n<br />\r\nKeterangan Bobot Skor:<br />\r\n<br />\r\nSkor: 2<br />\r\nMenyelenggarakan Festival/Pagelaran Budaya dan Menggunakan Bahan Baku/Komoditas 100% Produk Lokal Masyarakat Sekitar<br />\r\n<br />\r\nSkor: 1 <br />\r\nMenyelenggarakan Festival/Pagelaran Budaya dan Menggunakan Bahan Baku/Komoditas Minimal 50% Produk Lokal Masyarakat Sekitar<br />\r\n<br />\r\nSkor: 0.5 <br />\r\nMenyelenggarakan Festival/Pagelaran Budaya dan Pameran<br />\r\nProduk Lokal Masyarakat Sekitar'),
(23, 23, 'Apakah masyarakat memiliki akses ke sumberdaya alam di sekitar lokasi bisnis perusahaan?<br />\r\n<br />\r\n*Bobot 2<br />\r\nMasyarakat Diberikan Akses Gratis ke Area Lokasi atau terhadap Produk Sumber Daya Alam Perusahaan<br />\r\n<br />\r\n*Bobot 1<br />\r\nMasyarakat Diberikan Akses Berbayar ke Area Lokasi atau terhadap Produk Sumber Daya Alam Perusahaan tapi pada Waktu Tertentu Diberikan Akses Gratis<br />\r\n<br />\r\n*Bobot 0.5<br />\r\nMasyarakat Diberikan Akses Berbayar ke Area Lokasi atau terhadap Produk Sumber Daya Alam Perusahaan'),
(24, 24, 'Apakah perusahaan memberikan kesempatan untuk pekerja berserikat/berorganisasi baik di dalam atau di luar perusahaan?<br />\r\n<br />\r\nKeterangan Bobot Skor:<br />\r\n<br />\r\n<br />\r\nSkor: 2<br />\r\nPara Pekerja Difasilitasi Ruangan dan Pembiayaan untuk<br />\r\nBerserikat<br />\r\n<br />\r\nSkor: 1<br />\r\nPara Pekerja Difasilitasi Ruangan atau Pembiayaan untuk<br />\r\nBerserikat<br />\r\n<br />\r\nSkor: 0.5<br />\r\nPara Pekerja Diizinkan untuk Berserikat'),
(25, 25, 'Apakah perusahaan menerapkan prinsip kesetaraan serta memiliki aturan yang tidak mendiskriminasi?<br />\r\n<br />\r\nKeterangan Bobot Skor:<br />\r\n<br />\r\nSkor: 2<br />\r\nPerusahaan Menerima Pekerja secara Objektif Tanpa Memandang Suku, Agama, Ras dan Adat Istiadat serta Memberikan Fasilitas Umum yang Dapat Digunakan Bersama oleh Seluruh Pegawai<br />\r\n<br />\r\nSkor: 1<br />\r\nPerusahaan Menerima Pekerja secara Objektif Tanpa Memandang Suku, Agama, Ras dan Adat Istiadat<br />\r\n'),
(26, 26, 'Apakah perusahaan terbuka terhadap negosiasi buruh secara kolektif?<br />\r\n<br />\r\nKeterangan Bobot Skor:<br />\r\n<br />\r\nSkor: 2<br />\r\nPerusahaan Memfasilitasi dan Memberikan Kebijakan<br />\r\nKeterbukaan untuk Berunding Bersama Pekerja secara Langsung dengan Pihak Manajemen dan Direksi<br />\r\n<br />\r\nSkor: 1<br />\r\nPerusahaan Menampung dan Mempertimbangkan Aspirasi<br />\r\nPekerja dalam Kebijakan Perusahaan'),
(27, 27, 'Apakah hak-hak pekerja perempuan dipenuhi oleh perusahaan?<br />\r\n<br />\r\nKeterangan Bobot Skor:<br />\r\n<br />\r\nSkor: 2<br />\r\nPerusahaan Memenuhi dan Melindungi Hak-Hak Pekerja<br />\r\nPerempuan serta Memberikan Fasilitas Tempat Menyusui atau Penitipan Anak di Lingkungan Kerja<br />\r\n<br />\r\nSkor: 1<br />\r\nPerusahaan Memenuhi dan Melindungi Hak-Hak Pekerja Perempuan<br />\r\n'),
(28, 28, 'Apakah ada pemuda yang bekerja dalam perusahaan?<br />\r\n<br />\r\nKeterangan Bobot Skor:<br />\r\n<br />\r\nSkor: 2<br />\r\n>50% dari Jumlah Pegawai adalah Pemuda (16-30 Tahun)<br />\r\n<br />\r\nSkor: 1<br />\r\n25-50% dari Jumlah Pegawai adalah Pemuda (16-30 Tahun)'),
(29, 29, 'Apakah ada penyandang disabilitas yang bekerja dalam perusahaan?<br />\r\n<br />\r\nKeterangan Bobot Skor : <br />\r\n<br />\r\nSkor: 2<br />\r\nPerusahaan Menyediakan Fasilitas dan Pelatihan Khusus untuk<br />\r\nPara Pekerja Penyandang Disabilitas di Lingkungan Kerja<br />\r\n<br />\r\nSkor: 1<br />\r\nPerusahaan Memberikan Fasilitas Khusus untuk Para Pekerja<br />\r\nPenyandang Disabilitas di Lingkungan Kerja<br />\r\n<br />\r\nSkor: 0.5<br />\r\nPerusahaan Menerima Pekerja Penyandang Disabilitas<br />\r\n'),
(30, 30, 'Apakah tidak ada kerja paksa dalam perusahaan (ada uang lembur kerja)?<br />\r\n<br />\r\nKeterangan Bobot Skor:<br />\r\n<br />\r\nSkor: 2<br />\r\nTidak Ada Pemaksaan Kerja dari Perusahaan Terhadap Para<br />\r\nPekerja dan Atas Dasar Apapun<br />\r\n<br />\r\nSkor: 1<br />\r\nTidak Ada Pemaksaan Kerja dari Perusahaan Terhadap Para<br />\r\nPekerja dan Atas Dasar Perjanjian yang Telah ditentukan Kedua Belah Pihak'),
(31, 31, 'Apakah perusahaan tidak memperkerjakan anak?<br />\r\n<br />\r\nKeterangan Bobot Skor :<br />\r\n<br />\r\nSkor: 2<br />\r\nTidak ada pekerja yang berusia di bawah 18 tahun<br />\r\n<br />\r\nSkor: 1<br />\r\nTidak ada pekerja yang berusia di bawah 15 tahun<br />\r\n<br />\r\nSkor: 0.5<br />\r\nTidak ada pekerja yang berusia di bawah 13 tahun<br />\r\n'),
(32, 32, 'Apakah perusahaan memberikan remunerasi yang setara?<br />\r\n<br />\r\nKeterangan Bobot Skor :<br />\r\n<br />\r\nSkor: 2<br />\r\nPerusahaan Memberikan Upah secara Objektif Beserta Bonus<br />\r\nkepada Pekerja yang Sudah Bekerja Lebih dari 10 Tahun<br />\r\n<br />\r\nSkor: 1<br />\r\nPerusahaan Memberikan Upah secara Objektif Beserta Bonus<br />\r\nkepada Pekerja yang Sudah Bekerja Lebih dari 5 Tahun<br />\r\n<br />\r\nSkor: 0.5<br />\r\nPerusahaan Memberikan Upah secara Objektif kepada Pekerja'),
(33, 33, 'Apakah perusahaan memberikan kesempatan untuk pekerja musiman dan paruh waktu?<br />\r\n<br />\r\nKeterangan Bobot Skor:<br />\r\n<br />\r\nSkor: 2<br />\r\nPerusahaan Menerima Pekerja Musiman dan Paruh Waktu, serta Memberikan Upah Tambahan Berdasarkan Pesanan yang Diterima<br />\r\n<br />\r\nSkor: 1<br />\r\nPerusahaan Menerima Pekerja Musiman dan Paruh Waktu'),
(34, 34, 'Apakah perusahaan menerapkan kontrak kerja yang berkeadilan bagi pekerja?<br />\r\n<br />\r\nKeterangan Bobot Skor :<br />\r\n<br />\r\nSkor: 2<br />\r\nPekerja Mendapatkan Kontrak Kerja Jangka Panjang dari<br />\r\nPerusahaan dan Upah yang sesuai dengan Beban Kerja dan Kualifikasi Pekerja<br />\r\n<br />\r\nSkor: 1<br />\r\nPekerja Mendapatkan Kontrak Kerja dengan Upah yang sesuai<br />\r\ndengan Beban Kerja dan Kualifikasi Pekerja<br />\r\n'),
(35, 35, 'Apakah perusahaan memberikan gaji tepat waktu?<br />\r\n<br />\r\nKeterangan Bobot Skor :<br />\r\n<br />\r\nSkor: 2<br />\r\nPerusahaan Melakukan Pembayaran Gaji Tepat Waktu kepada Pekerja sesuai Perjanjian Kerja dan Pernah Lebih Awal<br />\r\n<br />\r\nSkor: 1<br />\r\nPerusahaan Melakukan Pembayaran Gaji Tepat Waktu kepada Pekerja sesuai Perjanjian Kerja'),
(36, 36, 'Apakah perusahaan menerapkan waktu kerja sesuai peraturan perundang-undangan?<br />\r\n<br />\r\nKeterangan Bobot Skor:<br />\r\n<br />\r\nSkor: 2<br />\r\nPerusahaan Memberlakukan Waktu Kerja kepada Pekerja Sesuai dengan Peraturan Perundang-Undangan dan Memberikan Upah Lembur '),
(37, 37, 'Apakah perusahaan memberikan cuti hamil, cuti mengasuh anak pasca melahirkan, dan cuti sakit kepada pegawai?<br />\r\n<br />\r\nKeterangan Bobot Skor:<br />\r\n<br />\r\nSkor: 2<br />\r\nPerusahaan Memberikan Cuti Hamil, Cuti Pasca Melahirkan dan Cuti Sakit kepada para Pekerja dengan tetap memberikan Upah Bulanan kepada Pekerja tersebut<br />\r\n<br />\r\nSkor: 1<br />\r\nPerusahaan Memberikan Cuti Hamil, Cuti Pasca Melahirkan dan Cuti Sakit kepada Pekerja'),
(38, 38, 'Apakah perusahaan memberikan pesangon dan keuntungan pensiun lainnya kepada pegawai yang sudah pensiun?<br />\r\n<br />\r\nKeterangan Bobot Skor:<br />\r\n<br />\r\nSkor: 2<br />\r\nPerusahaan Memberikan Pesangon, Membayar Iuran Jaminan Pensiun, dan Membayar Iuran Program Jaminan Hari Tua Pekerja<br />\r\n<br />\r\nSkor: 1<br />\r\nPerusahaan Memberikan Pesangon dan Membayar Iuran Program Jaminan Hari Tua Pekerja<br />\r\n<br />\r\nSkor: 0.5<br />\r\nPerusahaan Memberikan Pesangon kepada Pekerja yang Pensiun<br />\r\n'),
(39, 39, 'Apakah perusahaan memberikan tunjangan gaji yang layak sesuai ketentuan?<br />\r\n<br />\r\nKeterangan Bobot Skor:<br />\r\n<br />\r\nSkor: 2<br />\r\nPerusahaan Memberikan Tunjangan Keluarga, Tunjangan Jabatan, Tunjangan Kesehatan, Tunjangan Hari Tua, Tunjangan Perumahan, Tunjangan Makan, Tunjangan Transportasi, Tunjangan Kinerja, dan Tunjangan Lembur<br />\r\n<br />\r\nSkor: 1<br />\r\nPerusahaan Memberikan Tunjangan Kesehatan, Tunjangan Hari Tua, Tunjangan Makan, Tunjangan Transportasi, Tunjangan Kinerja, dan Tunjangan Lembur<br />\r\n<br />\r\nSkor: 0.5<br />\r\nPerusahaan Memberikan Tunjangan Kesehatan, Tunjangan Hari Tua, dan Tunjangan Lembur<br />\r\n'),
(40, 40, 'Apakah perusahaan membayar asuransi / iuran BPJS Ketenagakerjaan untuk pegawai?<br />\r\n<br />\r\nKeterangan Bobot Skor:<br />\r\n<br />\r\nSkor: 2<br />\r\nMembayar Asuransi Ketenagakerjaan dan Jaminan Hari Tua<br />\r\n<br />\r\nSkor: 1<br />\r\nMembayar Asuransi Ketenagakerjaan'),
(41, 41, 'Apakah perusahaan mentaati pembayaran pajak negera sesuai ketentuan yang berlaku?<br />\r\n<br />\r\nKeterangan Bobot Skor:<br />\r\n<br />\r\nSkor: 2<br />\r\nPerusahaan Membayar Pajak Penghasilan dan Pajak Lainnya serta Melakukan Pelaporan Membayar Pajak secara Tahunan tanpa Pernah Telat<br />\r\n<br />\r\nSkor: 1<br />\r\nPerusahaan Membayar Pajak Penghasilan dan Pajak Lainnya serta Melakukan Pelaporan Membayar Pajak Tahunan tapi Pernah Telat dalam Pelaporan Pajak'),
(42, 42, 'Apakah perusahaan membayar retribusi ?<br />\r\n<br />\r\nKeterangan Bobot Skor:<br />\r\n<br />\r\nSkor: 2<br />\r\nSelalu membayar retribusi secara penuh dan tanpa tunggakan kepada pihak yang berwenang<br />\r\n<br />\r\nSkor: 1 <br />\r\nSelalu membayar retribusi secara penuh atau tanpa tunggakan kepada pihak yang berwenang<br />\r\n<br />\r\nSkor: 0.5<br />\r\nMembayar sebagian biaya retribusi kepada pihak yang berwenang<br />\r\n'),
(43, 43, 'Apakah perusahaan memiliki kesepakatan yang jelas kepada pelanggan/konsumen maupun pedagang?<br />\r\n<br />\r\nKeterangan Bobot Skor:<br />\r\n<br />\r\nSkor: 2<br />\r\nMemiliki kesepakatan dengan pedagang dan konsumen secara tertulis, berjangka, dan jelas<br />\r\n<br />\r\nSkor: 1 <br />\r\nMemiliki kesepakatan dengan pedagang atau konsumen secara tertulis dan tidak ada jangka waktu'),
(44, 44, 'Apakah produk atau jasa yang disediakan perusahaan menerapkan prinsip daur ulang dan penggunaan kembali?<br />\r\n<br />\r\nKeterangan Bobot Skor:<br />\r\n<br />\r\nSkor: 2<br />\r\nMemiliki fasilitas dan kebijakan untuk mendaur ulang, menggunakan produk daur ulang, dan menggunakan produk kembali secara berkelanjutan<br />\r\n<br />\r\nSkor: 1<br />\r\nMemiliki fasilitas dan kebijakan untuk mendaur ulang atau menggunakan produk kembali secara berkelanjutan<br />\r\n<br />\r\nSkor: 0.5<br />\r\nMenggunakan bahan hasil daur ulang'),
(45, 45, 'Apakah perusahaan menerapkan proses inovasi dan penggunaan teknologi dalam usahanya?<br />\r\n<br />\r\nKeterangan Bobot Skor:<br />\r\n<br />\r\nSkor: 2<br />\r\nMengembangkan dan menggunakan teknologi inovatif dan memberikan pelatihan kepada pekerja secara berkelanjutan<br />\r\n<br />\r\nSkor: 1<br />\r\nMenggunakan teknologi tepat guna atau memberikan pelatihan penggunaan teknologi kepada pekerja<br />\r\n'),
(46, 46, 'Apakah perusahaan ikut serta berkontribusi dalam pengembangan UMKM lokal?<br />\r\n<br />\r\nKeterangan Bobot Skor:<br />\r\n<br />\r\nSkor: 2<br />\r\nMembantu kegiatan promosi dan memberikan pendanaan secara berkelanjutan kepada masyarakat lokal untuk mengembangkan UMKM<br />\r\n<br />\r\nSkor: 1<br />\r\nMembantu kegiatan promosi atau memberikan pendanaan kepada masyarakat lokal untuk mengembangkan UMKM<br />\r\n<br />\r\nSkor: 0.5<br />\r\nMembantu kegiatan promosi produk UMKM masyarakat lokal'),
(47, 47, 'Apakah perusahaan menerapkan transformasi digital pada proses bisnisnya?<br />\r\n<br />\r\nKeterangan Bobot Skor:<br />\r\n<br />\r\nSkor: 2<br />\r\nMemberi pelatihan literasi digital berkelanjutan kepada pekerja dan menggunakan media sosial dan aplikasi digital/website untuk meningkatkan kegiatan produksi, promosi dan penjualan<br />\r\n<br />\r\nSkor: 1<br />\r\nMenggunakan media sosial dan aplikasi digital/website untuk meningkatkan kegiatan promosi dan penjualan'),
(48, 48, 'Apakah Perusahaan Menggaji Karywannya sesuai standart UMR/UMP/UMK?<br />\r\n<br />\r\nKeterangan Bobot Skor:<br />\r\n<br />\r\nSkor: 2<br />\r\nPerusahaan Memberikan Upah Lebih dari Upah Minimum yang ditetapkan oleh Pemerintah<br />\r\n<br />\r\nSkor: 1<br />\r\nPerusahaan Memberikan Upah Minimum sesuai yang ditetapkan oleh Pemerintah<br />\r\n<br />\r\n'),
(49, 49, 'Apakah perusahaan telah melakukan upaya pengurangan emisi gas rumah kaca selama proses bisnis?<br />\r\n<br />\r\nKeterangan Bobot Skor:<br />\r\n<br />\r\nSkor: 2<br />\r\nMemiliki tim ahli & divisi khusus untuk pengurangan gas rumah kaca<br />\r\n<br />\r\nSkor: 1 <br />\r\nMemiliki pengurangan gas rumah kaca dengan periode tertentu<br />\r\n<br />\r\nSkor: 0.5 <br />\r\nMelakukan pengurangan gas rumah kaca secara eksternal<br />\r\n'),
(50, 50, 'Apakah perusahaan membuka lowongan pekerjaan pada penduduk setempat?<br />\r\n<br />\r\nKeterangan Bobot Skor:<br />\r\n<br />\r\nSkor: 2<br />\r\n>50% dari Jumlah Pegawai adalah Masyarakat Lokal Provinsi Lokasi Perusahaan<br />\r\n<br />\r\nSkor: 1<br />\r\n25-50% dari Jumlah Pegawai adalah Masyarakat Lokal Provinsi Lokasi Perusahaan');

-- --------------------------------------------------------

--
-- Table structure for table `setting`
--

CREATE TABLE `setting` (
  `id_setting` int NOT NULL,
  `client_key` varchar(250) NOT NULL,
  `server_key` varchar(250) NOT NULL,
  `nominal` bigint NOT NULL
) ENGINE=InnoDB DEFAULT CHARSET=utf8mb4 COLLATE=utf8mb4_0900_ai_ci;

--
-- Dumping data for table `setting`
--

INSERT INTO `setting` (`id_setting`, `client_key`, `server_key`, `nominal`) VALUES
(3, 'SB-Mid-client-vQDv6uvWmwCsuLvv', 'SB-Mid-server-rcJ7_-0pIwCH9zv3je3eCU5p', 100000);

-- --------------------------------------------------------

--
-- Table structure for table `submission`
--

CREATE TABLE `submission` (
  `id_submission` varchar(128) CHARACTER SET utf8mb4 COLLATE utf8mb4_bin NOT NULL,
  `user_id` int NOT NULL,
  `initial_score` int NOT NULL,
  `date_started` timestamp NOT NULL DEFAULT CURRENT_TIMESTAMP ON UPDATE CURRENT_TIMESTAMP,
  `valid_score` int NOT NULL,
  `reason` text CHARACTER SET utf8mb4 COLLATE utf8mb4_bin,
  `submission_status_id` int NOT NULL,
  `qr_code_alamat` varchar(250) CHARACTER SET utf8mb3 COLLATE utf8mb3_general_ci DEFAULT NULL
) ENGINE=InnoDB DEFAULT CHARSET=utf8mb4 COLLATE=utf8mb4_bin;

--
-- Dumping data for table `submission`
--

INSERT INTO `submission` (`id_submission`, `user_id`, `initial_score`, `date_started`, `valid_score`, `reason`, `submission_status_id`, `qr_code_alamat`) VALUES
('BXSUBBIRU-20230416', 84, 0, '2023-04-18 00:57:51', 2, NULL, 3, NULL),
('BXSUBCERTI20230504', 106, 2, '2023-05-05 06:46:53', 2, NULL, 3, NULL),
('BXSUBPT-BI20230714', 108, 0, '2023-07-14 04:53:03', 0, NULL, 2, NULL),
('BXSUBPT-IK20230425', 22, 6, '2023-04-26 02:50:57', 0, NULL, 3, NULL),
('BXSUBPT-IK20230426', 22, 100, '2023-05-06 04:36:26', 80, NULL, 3, NULL),
('BXSUBPT-IN20230426', 104, 2, '2023-05-04 08:27:56', 0, NULL, 5, 'd00df847796b0c67f19e1d3429b8a2eb.jpg'),
('BXSUBPT-IN20230505', 104, 4, '2023-06-26 05:29:39', 2, NULL, 5, 'a0d88734b268eeaca513cb17b43c8bd9.jpg'),
('BXSUBPT-IN20230508', 104, 0, '2023-05-08 11:20:23', 0, NULL, 5, '0f8f5a1acec91ad68ee724d001e67d5a.jpg'),
('BXSUBPT-TE20230331', 76, 100, '2023-03-31 06:24:54', 0, NULL, 3, NULL),
('BXSUBPT-TE20230401', 76, 0, '2023-04-14 16:49:38', 6, NULL, 3, NULL);

-- --------------------------------------------------------

--
-- Table structure for table `submission_per_indicator`
--

CREATE TABLE `submission_per_indicator` (
  `submission_id` varchar(128) CHARACTER SET utf8mb4 COLLATE utf8mb4_bin NOT NULL,
  `indicator_id` int NOT NULL,
  `status` int NOT NULL,
  `comment` text CHARACTER SET utf8mb4 COLLATE utf8mb4_bin NOT NULL
) ENGINE=InnoDB DEFAULT CHARSET=utf8mb4 COLLATE=utf8mb4_bin;

--
-- Dumping data for table `submission_per_indicator`
--

INSERT INTO `submission_per_indicator` (`submission_id`, `indicator_id`, `status`, `comment`) VALUES
('BXSUBMARIT20221011', 1, 0, ''),
('BXSUBMARIT20221011', 2, 3, ''),
('BXSUBMARIT20221011', 3, 0, ''),
('BXSUBMARIT20221011', 4, 3, ''),
('BXSUBMARIT20221011', 5, 3, ''),
('BXSUBMARIT20221011', 6, 3, ''),
('BXSUBMARIT20221011', 7, 3, ''),
('BXSUBMARIT20221011', 8, 3, ''),
('BXSUBMARIT20221011', 9, 3, ''),
('BXSUBMARIT20221011', 10, 0, ''),
('BXSUBMARIT20221011', 11, 3, ''),
('BXSUBMARIT20221011', 12, 3, ''),
('BXSUBMARIT20221011', 13, 3, ''),
('BXSUBMARIT20221011', 14, 3, ''),
('BXSUBMARIT20221011', 15, 3, ''),
('BXSUBMARIT20221011', 16, 3, ''),
('BXSUBMARIT20221011', 17, 3, ''),
('BXSUBMARIT20221011', 18, 3, ''),
('BXSUBMARIT20221011', 19, 3, ''),
('BXSUBMARIT20221011', 20, 3, ''),
('BXSUBMARIT20221011', 21, 3, ''),
('BXSUBMARIT20221011', 22, 3, ''),
('BXSUBMARIT20221011', 23, 3, ''),
('BXSUBMARIT20221011', 24, 3, ''),
('BXSUBMARIT20221011', 25, 3, ''),
('BXSUBMARIT20221011', 26, 3, ''),
('BXSUBMARIT20221011', 27, 3, ''),
('BXSUBMARIT20221011', 28, 3, ''),
('BXSUBMARIT20221011', 29, 3, ''),
('BXSUBMARIT20221011', 30, 3, ''),
('BXSUBMARIT20221011', 31, 0, ''),
('BXSUBMARIT20221011', 32, 3, ''),
('BXSUBMARIT20221011', 33, 3, ''),
('BXSUBMARIT20221011', 34, 3, ''),
('BXSUBMARIT20221011', 35, 3, ''),
('BXSUBMARIT20221011', 36, 0, ''),
('BXSUBMARIT20221011', 37, 0, ''),
('BXSUBMARIT20221011', 38, 0, ''),
('BXSUBMARIT20221011', 39, 0, ''),
('BXSUBMARIT20221011', 40, 0, ''),
('BXSUBMARIT20221011', 41, 0, ''),
('BXSUBMARIT20221011', 42, 0, ''),
('BXSUBMARIT20221011', 43, 0, ''),
('BXSUBMARIT20221011', 44, 0, ''),
('BXSUBMARIT20221011', 45, 0, ''),
('BXSUBMARIT20221011', 46, 0, ''),
('BXSUBMARIT20221011', 47, 0, ''),
('BXSUBMARIT20221011', 48, 0, ''),
('BXSUBMARIT20221011', 49, 0, ''),
('BXSUBMARIT20221011', 50, 0, ''),
('BXSUBMARIT20230220', 1, 0, 'adawdawd'),
('BXSUBMARIT20230220', 2, 3, ''),
('BXSUBMARIT20230220', 3, 0, ''),
('BXSUBMARIT20230220', 4, 3, ''),
('BXSUBMARIT20230220', 5, 3, ''),
('BXSUBMARIT20230220', 6, 3, ''),
('BXSUBMARIT20230220', 7, 4, 'andjawdnawjdnajndjnadwj'),
('BXSUBMARIT20230220', 8, 0, ''),
('BXSUBMARIT20230220', 9, 0, ''),
('BXSUBMARIT20230220', 10, 0, ''),
('BXSUBMARIT20230220', 11, 0, ''),
('BXSUBMARIT20230220', 12, 0, ''),
('BXSUBMARIT20230220', 13, 0, ''),
('BXSUBMARIT20230220', 14, 0, ''),
('BXSUBMARIT20230220', 15, 0, ''),
('BXSUBMARIT20230220', 16, 0, ''),
('BXSUBMARIT20230220', 17, 0, ''),
('BXSUBMARIT20230220', 18, 0, ''),
('BXSUBMARIT20230220', 19, 0, ''),
('BXSUBMARIT20230220', 20, 0, ''),
('BXSUBMARIT20230220', 21, 0, ''),
('BXSUBMARIT20230220', 22, 0, ''),
('BXSUBMARIT20230220', 23, 0, ''),
('BXSUBMARIT20230220', 24, 0, ''),
('BXSUBMARIT20230220', 25, 0, ''),
('BXSUBMARIT20230220', 26, 0, ''),
('BXSUBMARIT20230220', 27, 0, ''),
('BXSUBMARIT20230220', 28, 0, ''),
('BXSUBMARIT20230220', 29, 0, ''),
('BXSUBMARIT20230220', 30, 0, ''),
('BXSUBMARIT20230220', 31, 0, ''),
('BXSUBMARIT20230220', 32, 0, ''),
('BXSUBMARIT20230220', 33, 0, ''),
('BXSUBMARIT20230220', 34, 0, ''),
('BXSUBMARIT20230220', 35, 0, ''),
('BXSUBMARIT20230220', 36, 0, ''),
('BXSUBMARIT20230220', 37, 0, ''),
('BXSUBMARIT20230220', 38, 0, ''),
('BXSUBMARIT20230220', 39, 0, ''),
('BXSUBMARIT20230220', 40, 0, ''),
('BXSUBMARIT20230220', 41, 0, ''),
('BXSUBMARIT20230220', 42, 0, ''),
('BXSUBMARIT20230220', 43, 0, ''),
('BXSUBMARIT20230220', 44, 0, ''),
('BXSUBMARIT20230220', 45, 0, ''),
('BXSUBMARIT20230220', 46, 0, ''),
('BXSUBMARIT20230220', 47, 0, ''),
('BXSUBMARIT20230220', 48, 0, ''),
('BXSUBMARIT20230220', 49, 0, ''),
('BXSUBMARIT20230220', 50, 0, ''),
('BXSUBPT-TE20230221', 1, 0, ''),
('BXSUBPT-TE20230221', 2, 3, ''),
('BXSUBPT-TE20230221', 3, 0, ''),
('BXSUBPT-TE20230221', 4, 3, ''),
('BXSUBPT-TE20230221', 5, 3, ''),
('BXSUBPT-TE20230221', 6, 3, ''),
('BXSUBPT-TE20230221', 7, 3, ''),
('BXSUBPT-TE20230221', 8, 3, ''),
('BXSUBPT-TE20230221', 9, 3, ''),
('BXSUBPT-TE20230221', 10, 0, ''),
('BXSUBPT-TE20230221', 11, 3, ''),
('BXSUBPT-TE20230221', 12, 3, ''),
('BXSUBPT-TE20230221', 13, 3, ''),
('BXSUBPT-TE20230221', 14, 3, ''),
('BXSUBPT-TE20230221', 15, 3, ''),
('BXSUBPT-TE20230221', 16, 3, ''),
('BXSUBPT-TE20230221', 17, 3, ''),
('BXSUBPT-TE20230221', 18, 3, ''),
('BXSUBPT-TE20230221', 19, 3, ''),
('BXSUBPT-TE20230221', 20, 3, ''),
('BXSUBPT-TE20230221', 21, 3, ''),
('BXSUBPT-TE20230221', 22, 3, ''),
('BXSUBPT-TE20230221', 23, 3, ''),
('BXSUBPT-TE20230221', 24, 3, ''),
('BXSUBPT-TE20230221', 25, 3, ''),
('BXSUBPT-TE20230221', 26, 3, ''),
('BXSUBPT-TE20230221', 27, 3, ''),
('BXSUBPT-TE20230221', 28, 3, ''),
('BXSUBPT-TE20230221', 29, 3, ''),
('BXSUBPT-TE20230221', 30, 3, ''),
('BXSUBPT-TE20230221', 31, 0, ''),
('BXSUBPT-TE20230221', 32, 3, ''),
('BXSUBPT-TE20230221', 33, 3, ''),
('BXSUBPT-TE20230221', 34, 0, ''),
('BXSUBPT-TE20230221', 35, 3, ''),
('BXSUBPT-TE20230221', 36, 3, ''),
('BXSUBPT-TE20230221', 37, 3, ''),
('BXSUBPT-TE20230221', 38, 3, ''),
('BXSUBPT-TE20230221', 39, 0, ''),
('BXSUBPT-TE20230221', 40, 3, ''),
('BXSUBPT-TE20230221', 41, 0, ''),
('BXSUBPT-TE20230221', 42, 0, ''),
('BXSUBPT-TE20230221', 43, 0, ''),
('BXSUBPT-TE20230221', 44, 0, ''),
('BXSUBPT-TE20230221', 45, 0, ''),
('BXSUBPT-TE20230221', 46, 0, ''),
('BXSUBPT-TE20230221', 47, 0, ''),
('BXSUBPT-TE20230221', 48, 0, ''),
('BXSUBPT-TE20230221', 49, 0, ''),
('BXSUBPT-TE20230221', 50, 0, ''),
('BXSUBTESTI20230221', 1, 0, ''),
('BXSUBTESTI20230221', 2, 0, ''),
('BXSUBTESTI20230221', 3, 0, ''),
('BXSUBTESTI20230221', 4, 0, ''),
('BXSUBTESTI20230221', 5, 0, ''),
('BXSUBTESTI20230221', 6, 0, ''),
('BXSUBTESTI20230221', 7, 0, ''),
('BXSUBTESTI20230221', 8, 0, ''),
('BXSUBTESTI20230221', 9, 0, ''),
('BXSUBTESTI20230221', 10, 0, ''),
('BXSUBTESTI20230221', 11, 0, ''),
('BXSUBTESTI20230221', 12, 0, ''),
('BXSUBTESTI20230221', 13, 0, ''),
('BXSUBTESTI20230221', 14, 0, ''),
('BXSUBTESTI20230221', 15, 0, ''),
('BXSUBTESTI20230221', 16, 0, ''),
('BXSUBTESTI20230221', 17, 0, ''),
('BXSUBTESTI20230221', 18, 0, ''),
('BXSUBTESTI20230221', 19, 0, ''),
('BXSUBTESTI20230221', 20, 0, ''),
('BXSUBTESTI20230221', 21, 0, ''),
('BXSUBTESTI20230221', 22, 0, ''),
('BXSUBTESTI20230221', 23, 0, ''),
('BXSUBTESTI20230221', 24, 0, ''),
('BXSUBTESTI20230221', 25, 0, ''),
('BXSUBTESTI20230221', 26, 0, ''),
('BXSUBTESTI20230221', 27, 0, ''),
('BXSUBTESTI20230221', 28, 0, ''),
('BXSUBTESTI20230221', 29, 0, ''),
('BXSUBTESTI20230221', 30, 0, ''),
('BXSUBTESTI20230221', 31, 0, ''),
('BXSUBTESTI20230221', 32, 0, ''),
('BXSUBTESTI20230221', 33, 0, ''),
('BXSUBTESTI20230221', 34, 0, ''),
('BXSUBTESTI20230221', 35, 0, ''),
('BXSUBTESTI20230221', 36, 0, ''),
('BXSUBTESTI20230221', 37, 0, ''),
('BXSUBTESTI20230221', 38, 0, ''),
('BXSUBTESTI20230221', 39, 0, ''),
('BXSUBTESTI20230221', 40, 0, ''),
('BXSUBTESTI20230221', 41, 0, ''),
('BXSUBTESTI20230221', 42, 0, ''),
('BXSUBTESTI20230221', 43, 0, ''),
('BXSUBTESTI20230221', 44, 0, ''),
('BXSUBTESTI20230221', 45, 0, ''),
('BXSUBTESTI20230221', 46, 0, ''),
('BXSUBTESTI20230221', 47, 0, ''),
('BXSUBTESTI20230221', 48, 0, ''),
('BXSUBTESTI20230221', 49, 0, ''),
('BXSUBTESTI20230221', 50, 0, ''),
('BXSUBWDA-B20230222', 1, 0, ''),
('BXSUBWDA-B20230222', 2, 0, ''),
('BXSUBWDA-B20230222', 3, 0, ''),
('BXSUBWDA-B20230222', 4, 0, ''),
('BXSUBWDA-B20230222', 5, 0, ''),
('BXSUBWDA-B20230222', 6, 0, ''),
('BXSUBWDA-B20230222', 7, 0, ''),
('BXSUBWDA-B20230222', 8, 0, ''),
('BXSUBWDA-B20230222', 9, 0, ''),
('BXSUBWDA-B20230222', 10, 0, ''),
('BXSUBWDA-B20230222', 11, 0, ''),
('BXSUBWDA-B20230222', 12, 0, ''),
('BXSUBWDA-B20230222', 13, 0, ''),
('BXSUBWDA-B20230222', 14, 0, ''),
('BXSUBWDA-B20230222', 15, 0, ''),
('BXSUBWDA-B20230222', 16, 0, ''),
('BXSUBWDA-B20230222', 17, 0, ''),
('BXSUBWDA-B20230222', 18, 0, ''),
('BXSUBWDA-B20230222', 19, 0, ''),
('BXSUBWDA-B20230222', 20, 0, ''),
('BXSUBWDA-B20230222', 21, 0, ''),
('BXSUBWDA-B20230222', 22, 0, ''),
('BXSUBWDA-B20230222', 23, 0, ''),
('BXSUBWDA-B20230222', 24, 0, ''),
('BXSUBWDA-B20230222', 25, 0, ''),
('BXSUBWDA-B20230222', 26, 0, ''),
('BXSUBWDA-B20230222', 27, 0, ''),
('BXSUBWDA-B20230222', 28, 0, ''),
('BXSUBWDA-B20230222', 29, 0, ''),
('BXSUBWDA-B20230222', 30, 0, ''),
('BXSUBWDA-B20230222', 31, 0, ''),
('BXSUBWDA-B20230222', 32, 0, ''),
('BXSUBWDA-B20230222', 33, 0, ''),
('BXSUBWDA-B20230222', 34, 0, ''),
('BXSUBWDA-B20230222', 35, 0, ''),
('BXSUBWDA-B20230222', 36, 0, ''),
('BXSUBWDA-B20230222', 37, 0, ''),
('BXSUBWDA-B20230222', 38, 0, ''),
('BXSUBWDA-B20230222', 39, 0, ''),
('BXSUBWDA-B20230222', 40, 0, ''),
('BXSUBWDA-B20230222', 41, 0, ''),
('BXSUBWDA-B20230222', 42, 0, ''),
('BXSUBWDA-B20230222', 43, 0, ''),
('BXSUBWDA-B20230222', 44, 0, ''),
('BXSUBWDA-B20230222', 45, 0, ''),
('BXSUBWDA-B20230222', 46, 0, ''),
('BXSUBWDA-B20230222', 47, 0, ''),
('BXSUBWDA-B20230222', 48, 0, ''),
('BXSUBWDA-B20230222', 49, 0, ''),
('BXSUBWDA-B20230222', 50, 0, ''),
('BXSUBWDA-B20230222', 1, 0, ''),
('BXSUBWDA-B20230222', 2, 0, ''),
('BXSUBWDA-B20230222', 3, 0, ''),
('BXSUBWDA-B20230222', 4, 0, ''),
('BXSUBWDA-B20230222', 5, 0, ''),
('BXSUBWDA-B20230222', 6, 0, ''),
('BXSUBWDA-B20230222', 7, 0, ''),
('BXSUBWDA-B20230222', 8, 0, ''),
('BXSUBWDA-B20230222', 9, 0, ''),
('BXSUBWDA-B20230222', 10, 0, ''),
('BXSUBWDA-B20230222', 11, 0, ''),
('BXSUBWDA-B20230222', 12, 0, ''),
('BXSUBWDA-B20230222', 13, 0, ''),
('BXSUBWDA-B20230222', 14, 0, ''),
('BXSUBWDA-B20230222', 15, 0, ''),
('BXSUBWDA-B20230222', 16, 0, ''),
('BXSUBWDA-B20230222', 17, 0, ''),
('BXSUBWDA-B20230222', 18, 0, ''),
('BXSUBWDA-B20230222', 19, 0, ''),
('BXSUBWDA-B20230222', 20, 0, ''),
('BXSUBWDA-B20230222', 21, 0, ''),
('BXSUBWDA-B20230222', 22, 0, ''),
('BXSUBWDA-B20230222', 23, 0, ''),
('BXSUBWDA-B20230222', 24, 0, ''),
('BXSUBWDA-B20230222', 25, 0, ''),
('BXSUBWDA-B20230222', 26, 0, ''),
('BXSUBWDA-B20230222', 27, 0, ''),
('BXSUBWDA-B20230222', 28, 0, ''),
('BXSUBWDA-B20230222', 29, 0, ''),
('BXSUBWDA-B20230222', 30, 0, ''),
('BXSUBWDA-B20230222', 31, 0, ''),
('BXSUBWDA-B20230222', 32, 0, ''),
('BXSUBWDA-B20230222', 33, 0, ''),
('BXSUBWDA-B20230222', 34, 0, ''),
('BXSUBWDA-B20230222', 35, 0, ''),
('BXSUBWDA-B20230222', 36, 0, ''),
('BXSUBWDA-B20230222', 37, 0, ''),
('BXSUBWDA-B20230222', 38, 0, ''),
('BXSUBWDA-B20230222', 39, 0, ''),
('BXSUBWDA-B20230222', 40, 0, ''),
('BXSUBWDA-B20230222', 41, 0, ''),
('BXSUBWDA-B20230222', 42, 0, ''),
('BXSUBWDA-B20230222', 43, 0, ''),
('BXSUBWDA-B20230222', 44, 0, ''),
('BXSUBWDA-B20230222', 45, 0, ''),
('BXSUBWDA-B20230222', 46, 0, ''),
('BXSUBWDA-B20230222', 47, 0, ''),
('BXSUBWDA-B20230222', 48, 0, ''),
('BXSUBWDA-B20230222', 49, 0, ''),
('BXSUBWDA-B20230222', 50, 0, ''),
('BXSUBWDA-B20230222', 1, 0, ''),
('BXSUBWDA-B20230222', 2, 0, ''),
('BXSUBWDA-B20230222', 3, 0, ''),
('BXSUBWDA-B20230222', 4, 0, ''),
('BXSUBWDA-B20230222', 5, 0, ''),
('BXSUBWDA-B20230222', 6, 0, ''),
('BXSUBWDA-B20230222', 7, 0, ''),
('BXSUBWDA-B20230222', 8, 0, ''),
('BXSUBWDA-B20230222', 9, 0, ''),
('BXSUBWDA-B20230222', 10, 0, ''),
('BXSUBWDA-B20230222', 11, 0, ''),
('BXSUBWDA-B20230222', 12, 0, ''),
('BXSUBWDA-B20230222', 13, 0, ''),
('BXSUBWDA-B20230222', 14, 0, ''),
('BXSUBWDA-B20230222', 15, 0, ''),
('BXSUBWDA-B20230222', 16, 0, ''),
('BXSUBWDA-B20230222', 17, 0, ''),
('BXSUBWDA-B20230222', 18, 0, ''),
('BXSUBWDA-B20230222', 19, 0, ''),
('BXSUBWDA-B20230222', 20, 0, ''),
('BXSUBWDA-B20230222', 21, 0, ''),
('BXSUBWDA-B20230222', 22, 0, ''),
('BXSUBWDA-B20230222', 23, 0, ''),
('BXSUBWDA-B20230222', 24, 0, ''),
('BXSUBWDA-B20230222', 25, 0, ''),
('BXSUBWDA-B20230222', 26, 0, ''),
('BXSUBWDA-B20230222', 27, 0, ''),
('BXSUBWDA-B20230222', 28, 0, ''),
('BXSUBWDA-B20230222', 29, 0, ''),
('BXSUBWDA-B20230222', 30, 0, ''),
('BXSUBWDA-B20230222', 31, 0, ''),
('BXSUBWDA-B20230222', 32, 0, ''),
('BXSUBWDA-B20230222', 33, 0, ''),
('BXSUBWDA-B20230222', 34, 0, ''),
('BXSUBWDA-B20230222', 35, 0, ''),
('BXSUBWDA-B20230222', 36, 0, ''),
('BXSUBWDA-B20230222', 37, 0, ''),
('BXSUBWDA-B20230222', 38, 0, ''),
('BXSUBWDA-B20230222', 39, 0, ''),
('BXSUBWDA-B20230222', 40, 0, ''),
('BXSUBWDA-B20230222', 41, 0, ''),
('BXSUBWDA-B20230222', 42, 0, ''),
('BXSUBWDA-B20230222', 43, 0, ''),
('BXSUBWDA-B20230222', 44, 0, ''),
('BXSUBWDA-B20230222', 45, 0, ''),
('BXSUBWDA-B20230222', 46, 0, ''),
('BXSUBWDA-B20230222', 47, 0, ''),
('BXSUBWDA-B20230222', 48, 0, ''),
('BXSUBWDA-B20230222', 49, 0, ''),
('BXSUBWDA-B20230222', 50, 0, ''),
('BXSUBWDA-B20230222', 1, 0, ''),
('BXSUBWDA-B20230222', 2, 0, ''),
('BXSUBWDA-B20230222', 3, 0, ''),
('BXSUBWDA-B20230222', 4, 0, ''),
('BXSUBWDA-B20230222', 5, 0, ''),
('BXSUBWDA-B20230222', 6, 0, ''),
('BXSUBWDA-B20230222', 7, 0, ''),
('BXSUBWDA-B20230222', 8, 0, ''),
('BXSUBWDA-B20230222', 9, 0, ''),
('BXSUBWDA-B20230222', 10, 0, ''),
('BXSUBWDA-B20230222', 11, 0, ''),
('BXSUBWDA-B20230222', 12, 0, ''),
('BXSUBWDA-B20230222', 13, 0, ''),
('BXSUBWDA-B20230222', 14, 0, ''),
('BXSUBWDA-B20230222', 15, 0, ''),
('BXSUBWDA-B20230222', 16, 0, ''),
('BXSUBWDA-B20230222', 17, 0, ''),
('BXSUBWDA-B20230222', 18, 0, ''),
('BXSUBWDA-B20230222', 19, 0, ''),
('BXSUBWDA-B20230222', 20, 0, ''),
('BXSUBWDA-B20230222', 21, 0, ''),
('BXSUBWDA-B20230222', 22, 0, ''),
('BXSUBWDA-B20230222', 23, 0, ''),
('BXSUBWDA-B20230222', 24, 0, ''),
('BXSUBWDA-B20230222', 25, 0, ''),
('BXSUBWDA-B20230222', 26, 0, ''),
('BXSUBWDA-B20230222', 27, 0, ''),
('BXSUBWDA-B20230222', 28, 0, ''),
('BXSUBWDA-B20230222', 29, 0, ''),
('BXSUBWDA-B20230222', 30, 0, ''),
('BXSUBWDA-B20230222', 31, 0, ''),
('BXSUBWDA-B20230222', 32, 0, ''),
('BXSUBWDA-B20230222', 33, 0, ''),
('BXSUBWDA-B20230222', 34, 0, ''),
('BXSUBWDA-B20230222', 35, 0, ''),
('BXSUBWDA-B20230222', 36, 0, ''),
('BXSUBWDA-B20230222', 37, 0, ''),
('BXSUBWDA-B20230222', 38, 0, ''),
('BXSUBWDA-B20230222', 39, 0, ''),
('BXSUBWDA-B20230222', 40, 0, ''),
('BXSUBWDA-B20230222', 41, 0, ''),
('BXSUBWDA-B20230222', 42, 0, ''),
('BXSUBWDA-B20230222', 43, 0, ''),
('BXSUBWDA-B20230222', 44, 0, ''),
('BXSUBWDA-B20230222', 45, 0, ''),
('BXSUBWDA-B20230222', 46, 0, ''),
('BXSUBWDA-B20230222', 47, 0, ''),
('BXSUBWDA-B20230222', 48, 0, ''),
('BXSUBWDA-B20230222', 49, 0, ''),
('BXSUBWDA-B20230222', 50, 0, ''),
('BXSUBTESTI20230222', 1, 0, ''),
('BXSUBTESTI20230222', 2, 0, ''),
('BXSUBTESTI20230222', 3, 0, ''),
('BXSUBTESTI20230222', 4, 0, ''),
('BXSUBTESTI20230222', 5, 0, ''),
('BXSUBTESTI20230222', 6, 0, ''),
('BXSUBTESTI20230222', 7, 0, ''),
('BXSUBTESTI20230222', 8, 0, ''),
('BXSUBTESTI20230222', 9, 0, ''),
('BXSUBTESTI20230222', 10, 0, ''),
('BXSUBTESTI20230222', 11, 0, ''),
('BXSUBTESTI20230222', 12, 0, ''),
('BXSUBTESTI20230222', 13, 0, ''),
('BXSUBTESTI20230222', 14, 0, ''),
('BXSUBTESTI20230222', 15, 0, ''),
('BXSUBTESTI20230222', 16, 0, ''),
('BXSUBTESTI20230222', 17, 0, ''),
('BXSUBTESTI20230222', 18, 0, ''),
('BXSUBTESTI20230222', 19, 0, ''),
('BXSUBTESTI20230222', 20, 0, ''),
('BXSUBTESTI20230222', 21, 0, ''),
('BXSUBTESTI20230222', 22, 0, ''),
('BXSUBTESTI20230222', 23, 0, ''),
('BXSUBTESTI20230222', 24, 0, ''),
('BXSUBTESTI20230222', 25, 0, ''),
('BXSUBTESTI20230222', 26, 0, ''),
('BXSUBTESTI20230222', 27, 0, ''),
('BXSUBTESTI20230222', 28, 0, ''),
('BXSUBTESTI20230222', 29, 0, ''),
('BXSUBTESTI20230222', 30, 0, ''),
('BXSUBTESTI20230222', 31, 0, ''),
('BXSUBTESTI20230222', 32, 0, ''),
('BXSUBTESTI20230222', 33, 0, ''),
('BXSUBTESTI20230222', 34, 0, ''),
('BXSUBTESTI20230222', 35, 0, ''),
('BXSUBTESTI20230222', 36, 0, ''),
('BXSUBTESTI20230222', 37, 0, ''),
('BXSUBTESTI20230222', 38, 0, ''),
('BXSUBTESTI20230222', 39, 0, ''),
('BXSUBTESTI20230222', 40, 0, ''),
('BXSUBTESTI20230222', 41, 0, ''),
('BXSUBTESTI20230222', 42, 0, ''),
('BXSUBTESTI20230222', 43, 0, ''),
('BXSUBTESTI20230222', 44, 0, ''),
('BXSUBTESTI20230222', 45, 0, ''),
('BXSUBTESTI20230222', 46, 0, ''),
('BXSUBTESTI20230222', 47, 0, ''),
('BXSUBTESTI20230222', 48, 0, ''),
('BXSUBTESTI20230222', 49, 0, ''),
('BXSUBTESTI20230222', 50, 0, ''),
('BXSUBWDA-B20230222', 1, 0, ''),
('BXSUBWDA-B20230222', 2, 0, ''),
('BXSUBWDA-B20230222', 3, 0, ''),
('BXSUBWDA-B20230222', 4, 0, ''),
('BXSUBWDA-B20230222', 5, 0, ''),
('BXSUBWDA-B20230222', 6, 0, ''),
('BXSUBWDA-B20230222', 7, 0, ''),
('BXSUBWDA-B20230222', 8, 0, ''),
('BXSUBWDA-B20230222', 9, 0, ''),
('BXSUBWDA-B20230222', 10, 0, ''),
('BXSUBWDA-B20230222', 11, 0, ''),
('BXSUBWDA-B20230222', 12, 0, ''),
('BXSUBWDA-B20230222', 13, 0, ''),
('BXSUBWDA-B20230222', 14, 0, ''),
('BXSUBWDA-B20230222', 15, 0, ''),
('BXSUBWDA-B20230222', 16, 0, ''),
('BXSUBWDA-B20230222', 17, 0, ''),
('BXSUBWDA-B20230222', 18, 0, ''),
('BXSUBWDA-B20230222', 19, 0, ''),
('BXSUBWDA-B20230222', 20, 0, ''),
('BXSUBWDA-B20230222', 21, 0, ''),
('BXSUBWDA-B20230222', 22, 0, ''),
('BXSUBWDA-B20230222', 23, 0, ''),
('BXSUBWDA-B20230222', 24, 0, ''),
('BXSUBWDA-B20230222', 25, 0, ''),
('BXSUBWDA-B20230222', 26, 0, ''),
('BXSUBWDA-B20230222', 27, 0, ''),
('BXSUBWDA-B20230222', 28, 0, ''),
('BXSUBWDA-B20230222', 29, 0, ''),
('BXSUBWDA-B20230222', 30, 0, ''),
('BXSUBWDA-B20230222', 31, 0, ''),
('BXSUBWDA-B20230222', 32, 0, ''),
('BXSUBWDA-B20230222', 33, 0, ''),
('BXSUBWDA-B20230222', 34, 0, ''),
('BXSUBWDA-B20230222', 35, 0, ''),
('BXSUBWDA-B20230222', 36, 0, ''),
('BXSUBWDA-B20230222', 37, 0, ''),
('BXSUBWDA-B20230222', 38, 0, ''),
('BXSUBWDA-B20230222', 39, 0, ''),
('BXSUBWDA-B20230222', 40, 0, ''),
('BXSUBWDA-B20230222', 41, 0, ''),
('BXSUBWDA-B20230222', 42, 0, ''),
('BXSUBWDA-B20230222', 43, 0, ''),
('BXSUBWDA-B20230222', 44, 0, ''),
('BXSUBWDA-B20230222', 45, 0, ''),
('BXSUBWDA-B20230222', 46, 0, ''),
('BXSUBWDA-B20230222', 47, 0, ''),
('BXSUBWDA-B20230222', 48, 0, ''),
('BXSUBWDA-B20230222', 49, 0, ''),
('BXSUBWDA-B20230222', 50, 0, ''),
('BXSUBWDA-T20230225', 1, 0, ''),
('BXSUBWDA-T20230225', 2, 0, ''),
('BXSUBWDA-T20230225', 3, 0, ''),
('BXSUBWDA-T20230225', 4, 0, ''),
('BXSUBWDA-T20230225', 5, 0, ''),
('BXSUBWDA-T20230225', 6, 0, ''),
('BXSUBWDA-T20230225', 7, 0, ''),
('BXSUBWDA-T20230225', 8, 0, ''),
('BXSUBWDA-T20230225', 9, 0, ''),
('BXSUBWDA-T20230225', 10, 0, ''),
('BXSUBWDA-T20230225', 11, 0, ''),
('BXSUBWDA-T20230225', 12, 0, ''),
('BXSUBWDA-T20230225', 13, 0, ''),
('BXSUBWDA-T20230225', 14, 0, ''),
('BXSUBWDA-T20230225', 15, 0, ''),
('BXSUBWDA-T20230225', 16, 0, ''),
('BXSUBWDA-T20230225', 17, 0, ''),
('BXSUBWDA-T20230225', 18, 0, ''),
('BXSUBWDA-T20230225', 19, 0, ''),
('BXSUBWDA-T20230225', 20, 0, ''),
('BXSUBWDA-T20230225', 21, 0, ''),
('BXSUBWDA-T20230225', 22, 0, ''),
('BXSUBWDA-T20230225', 23, 0, ''),
('BXSUBWDA-T20230225', 24, 0, ''),
('BXSUBWDA-T20230225', 25, 0, ''),
('BXSUBWDA-T20230225', 26, 0, ''),
('BXSUBWDA-T20230225', 27, 0, ''),
('BXSUBWDA-T20230225', 28, 0, ''),
('BXSUBWDA-T20230225', 29, 0, ''),
('BXSUBWDA-T20230225', 30, 0, ''),
('BXSUBWDA-T20230225', 31, 0, ''),
('BXSUBWDA-T20230225', 32, 0, ''),
('BXSUBWDA-T20230225', 33, 0, ''),
('BXSUBWDA-T20230225', 34, 0, ''),
('BXSUBWDA-T20230225', 35, 0, ''),
('BXSUBWDA-T20230225', 36, 0, ''),
('BXSUBWDA-T20230225', 37, 0, ''),
('BXSUBWDA-T20230225', 38, 0, ''),
('BXSUBWDA-T20230225', 39, 0, ''),
('BXSUBWDA-T20230225', 40, 0, ''),
('BXSUBWDA-T20230225', 41, 0, ''),
('BXSUBWDA-T20230225', 42, 0, ''),
('BXSUBWDA-T20230225', 43, 0, ''),
('BXSUBWDA-T20230225', 44, 0, ''),
('BXSUBWDA-T20230225', 45, 0, ''),
('BXSUBWDA-T20230225', 46, 0, ''),
('BXSUBWDA-T20230225', 47, 0, ''),
('BXSUBWDA-T20230225', 48, 0, ''),
('BXSUBWDA-T20230225', 49, 0, ''),
('BXSUBWDA-T20230225', 50, 0, ''),
('BXSUBWDA-T20230225', 1, 0, ''),
('BXSUBWDA-T20230225', 2, 0, ''),
('BXSUBWDA-T20230225', 3, 0, ''),
('BXSUBWDA-T20230225', 4, 0, ''),
('BXSUBWDA-T20230225', 5, 0, ''),
('BXSUBWDA-T20230225', 6, 0, ''),
('BXSUBWDA-T20230225', 7, 0, ''),
('BXSUBWDA-T20230225', 8, 0, ''),
('BXSUBWDA-T20230225', 9, 0, ''),
('BXSUBWDA-T20230225', 10, 0, ''),
('BXSUBWDA-T20230225', 11, 0, ''),
('BXSUBWDA-T20230225', 12, 0, ''),
('BXSUBWDA-T20230225', 13, 0, ''),
('BXSUBWDA-T20230225', 14, 0, ''),
('BXSUBWDA-T20230225', 15, 0, ''),
('BXSUBWDA-T20230225', 16, 0, ''),
('BXSUBWDA-T20230225', 17, 0, ''),
('BXSUBWDA-T20230225', 18, 0, ''),
('BXSUBWDA-T20230225', 19, 0, ''),
('BXSUBWDA-T20230225', 20, 0, ''),
('BXSUBWDA-T20230225', 21, 0, ''),
('BXSUBWDA-T20230225', 22, 0, ''),
('BXSUBWDA-T20230225', 23, 0, ''),
('BXSUBWDA-T20230225', 24, 0, ''),
('BXSUBWDA-T20230225', 25, 0, ''),
('BXSUBWDA-T20230225', 26, 0, ''),
('BXSUBWDA-T20230225', 27, 0, ''),
('BXSUBWDA-T20230225', 28, 0, ''),
('BXSUBWDA-T20230225', 29, 0, ''),
('BXSUBWDA-T20230225', 30, 0, ''),
('BXSUBWDA-T20230225', 31, 0, ''),
('BXSUBWDA-T20230225', 32, 0, ''),
('BXSUBWDA-T20230225', 33, 0, ''),
('BXSUBWDA-T20230225', 34, 0, ''),
('BXSUBWDA-T20230225', 35, 0, ''),
('BXSUBWDA-T20230225', 36, 0, ''),
('BXSUBWDA-T20230225', 37, 0, ''),
('BXSUBWDA-T20230225', 38, 0, ''),
('BXSUBWDA-T20230225', 39, 0, ''),
('BXSUBWDA-T20230225', 40, 0, ''),
('BXSUBWDA-T20230225', 41, 0, ''),
('BXSUBWDA-T20230225', 42, 0, ''),
('BXSUBWDA-T20230225', 43, 0, ''),
('BXSUBWDA-T20230225', 44, 0, ''),
('BXSUBWDA-T20230225', 45, 0, ''),
('BXSUBWDA-T20230225', 46, 0, ''),
('BXSUBWDA-T20230225', 47, 0, ''),
('BXSUBWDA-T20230225', 48, 0, ''),
('BXSUBWDA-T20230225', 49, 0, ''),
('BXSUBWDA-T20230225', 50, 0, ''),
('BXSUBPT-RI20230225', 1, 0, ''),
('BXSUBPT-RI20230225', 2, 4, ''),
('BXSUBPT-RI20230225', 3, 0, ''),
('BXSUBPT-RI20230225', 4, 1, ''),
('BXSUBPT-RI20230225', 5, 1, ''),
('BXSUBPT-RI20230225', 6, 1, ''),
('BXSUBPT-RI20230225', 7, 1, ''),
('BXSUBPT-RI20230225', 8, 1, ''),
('BXSUBPT-RI20230225', 9, 1, ''),
('BXSUBPT-RI20230225', 10, 0, ''),
('BXSUBPT-RI20230225', 11, 1, ''),
('BXSUBPT-RI20230225', 12, 1, ''),
('BXSUBPT-RI20230225', 13, 1, ''),
('BXSUBPT-RI20230225', 14, 1, ''),
('BXSUBPT-RI20230225', 15, 1, ''),
('BXSUBPT-RI20230225', 16, 1, ''),
('BXSUBPT-RI20230225', 17, 1, ''),
('BXSUBPT-RI20230225', 18, 1, ''),
('BXSUBPT-RI20230225', 19, 1, ''),
('BXSUBPT-RI20230225', 20, 1, ''),
('BXSUBPT-RI20230225', 21, 1, ''),
('BXSUBPT-RI20230225', 22, 1, ''),
('BXSUBPT-RI20230225', 23, 1, ''),
('BXSUBPT-RI20230225', 24, 1, ''),
('BXSUBPT-RI20230225', 25, 1, ''),
('BXSUBPT-RI20230225', 26, 1, ''),
('BXSUBPT-RI20230225', 27, 1, ''),
('BXSUBPT-RI20230225', 28, 1, ''),
('BXSUBPT-RI20230225', 29, 1, ''),
('BXSUBPT-RI20230225', 30, 1, ''),
('BXSUBPT-RI20230225', 31, 0, ''),
('BXSUBPT-RI20230225', 32, 1, ''),
('BXSUBPT-RI20230225', 33, 1, ''),
('BXSUBPT-RI20230225', 34, 1, ''),
('BXSUBPT-RI20230225', 35, 1, ''),
('BXSUBPT-RI20230225', 36, 1, ''),
('BXSUBPT-RI20230225', 37, 1, ''),
('BXSUBPT-RI20230225', 38, 1, ''),
('BXSUBPT-RI20230225', 39, 1, ''),
('BXSUBPT-RI20230225', 40, 1, ''),
('BXSUBPT-RI20230225', 41, 1, ''),
('BXSUBPT-RI20230225', 42, 1, ''),
('BXSUBPT-RI20230225', 43, 1, ''),
('BXSUBPT-RI20230225', 44, 1, ''),
('BXSUBPT-RI20230225', 45, 1, ''),
('BXSUBPT-RI20230225', 46, 0, ''),
('BXSUBPT-RI20230225', 47, 1, ''),
('BXSUBPT-RI20230225', 48, 1, ''),
('BXSUBPT-RI20230225', 49, 1, ''),
('BXSUBPT-RI20230225', 50, 1, ''),
('BXSUBPT-RI20230228', 1, 0, ''),
('BXSUBPT-RI20230228', 2, 0, ''),
('BXSUBPT-RI20230228', 3, 0, ''),
('BXSUBPT-RI20230228', 4, 0, ''),
('BXSUBPT-RI20230228', 5, 0, ''),
('BXSUBPT-RI20230228', 6, 0, ''),
('BXSUBPT-RI20230228', 7, 0, ''),
('BXSUBPT-RI20230228', 8, 0, ''),
('BXSUBPT-RI20230228', 9, 0, ''),
('BXSUBPT-RI20230228', 10, 0, ''),
('BXSUBPT-RI20230228', 11, 0, ''),
('BXSUBPT-RI20230228', 12, 0, ''),
('BXSUBPT-RI20230228', 13, 0, ''),
('BXSUBPT-RI20230228', 14, 0, ''),
('BXSUBPT-RI20230228', 15, 0, ''),
('BXSUBPT-RI20230228', 16, 0, ''),
('BXSUBPT-RI20230228', 17, 0, ''),
('BXSUBPT-RI20230228', 18, 0, ''),
('BXSUBPT-RI20230228', 19, 0, ''),
('BXSUBPT-RI20230228', 20, 0, ''),
('BXSUBPT-RI20230228', 21, 0, ''),
('BXSUBPT-RI20230228', 22, 0, ''),
('BXSUBPT-RI20230228', 23, 0, ''),
('BXSUBPT-RI20230228', 24, 0, ''),
('BXSUBPT-RI20230228', 25, 0, ''),
('BXSUBPT-RI20230228', 26, 0, ''),
('BXSUBPT-RI20230228', 27, 0, ''),
('BXSUBPT-RI20230228', 28, 0, ''),
('BXSUBPT-RI20230228', 29, 0, ''),
('BXSUBPT-RI20230228', 30, 0, ''),
('BXSUBPT-RI20230228', 31, 0, ''),
('BXSUBPT-RI20230228', 32, 0, ''),
('BXSUBPT-RI20230228', 33, 0, ''),
('BXSUBPT-RI20230228', 34, 0, ''),
('BXSUBPT-RI20230228', 35, 0, ''),
('BXSUBPT-RI20230228', 36, 0, ''),
('BXSUBPT-RI20230228', 37, 0, ''),
('BXSUBPT-RI20230228', 38, 0, ''),
('BXSUBPT-RI20230228', 39, 0, ''),
('BXSUBPT-RI20230228', 40, 0, ''),
('BXSUBPT-RI20230228', 41, 0, ''),
('BXSUBPT-RI20230228', 42, 0, ''),
('BXSUBPT-RI20230228', 43, 0, ''),
('BXSUBPT-RI20230228', 44, 0, ''),
('BXSUBPT-RI20230228', 45, 0, ''),
('BXSUBPT-RI20230228', 46, 0, ''),
('BXSUBPT-RI20230228', 47, 0, ''),
('BXSUBPT-RI20230228', 48, 0, ''),
('BXSUBPT-RI20230228', 49, 0, ''),
('BXSUBPT-RI20230228', 50, 0, ''),
('BXSUBPT-RI20230304', 1, 0, ''),
('BXSUBPT-RI20230304', 2, 0, ''),
('BXSUBPT-RI20230304', 3, 0, ''),
('BXSUBPT-RI20230304', 4, 0, ''),
('BXSUBPT-RI20230304', 5, 0, ''),
('BXSUBPT-RI20230304', 6, 0, ''),
('BXSUBPT-RI20230304', 7, 0, ''),
('BXSUBPT-RI20230304', 8, 0, ''),
('BXSUBPT-RI20230304', 9, 0, ''),
('BXSUBPT-RI20230304', 10, 0, ''),
('BXSUBPT-RI20230304', 11, 0, ''),
('BXSUBPT-RI20230304', 12, 0, ''),
('BXSUBPT-RI20230304', 13, 0, ''),
('BXSUBPT-RI20230304', 14, 0, ''),
('BXSUBPT-RI20230304', 15, 0, ''),
('BXSUBPT-RI20230304', 16, 0, ''),
('BXSUBPT-RI20230304', 17, 0, ''),
('BXSUBPT-RI20230304', 18, 0, ''),
('BXSUBPT-RI20230304', 19, 0, ''),
('BXSUBPT-RI20230304', 20, 0, ''),
('BXSUBPT-RI20230304', 21, 0, ''),
('BXSUBPT-RI20230304', 22, 0, ''),
('BXSUBPT-RI20230304', 23, 0, ''),
('BXSUBPT-RI20230304', 24, 0, ''),
('BXSUBPT-RI20230304', 25, 0, ''),
('BXSUBPT-RI20230304', 26, 0, ''),
('BXSUBPT-RI20230304', 27, 0, ''),
('BXSUBPT-RI20230304', 28, 0, ''),
('BXSUBPT-RI20230304', 29, 0, ''),
('BXSUBPT-RI20230304', 30, 0, ''),
('BXSUBPT-RI20230304', 31, 0, ''),
('BXSUBPT-RI20230304', 32, 0, ''),
('BXSUBPT-RI20230304', 33, 0, ''),
('BXSUBPT-RI20230304', 34, 0, ''),
('BXSUBPT-RI20230304', 35, 0, ''),
('BXSUBPT-RI20230304', 36, 0, ''),
('BXSUBPT-RI20230304', 37, 0, ''),
('BXSUBPT-RI20230304', 38, 0, ''),
('BXSUBPT-RI20230304', 39, 0, ''),
('BXSUBPT-RI20230304', 40, 0, ''),
('BXSUBPT-RI20230304', 41, 0, ''),
('BXSUBPT-RI20230304', 42, 0, ''),
('BXSUBPT-RI20230304', 43, 0, ''),
('BXSUBPT-RI20230304', 44, 0, ''),
('BXSUBPT-RI20230304', 45, 0, ''),
('BXSUBPT-RI20230304', 46, 0, ''),
('BXSUBPT-RI20230304', 47, 0, ''),
('BXSUBPT-RI20230304', 48, 0, ''),
('BXSUBPT-RI20230304', 49, 0, ''),
('BXSUBPT-RI20230304', 50, 0, ''),
('BXSUBADMIN20230305', 1, 0, ''),
('BXSUBADMIN20230305', 2, 0, ''),
('BXSUBADMIN20230305', 3, 0, ''),
('BXSUBADMIN20230305', 4, 0, ''),
('BXSUBADMIN20230305', 5, 0, ''),
('BXSUBADMIN20230305', 6, 0, ''),
('BXSUBADMIN20230305', 7, 0, ''),
('BXSUBADMIN20230305', 8, 0, ''),
('BXSUBADMIN20230305', 9, 0, ''),
('BXSUBADMIN20230305', 10, 0, ''),
('BXSUBADMIN20230305', 11, 0, ''),
('BXSUBADMIN20230305', 12, 0, ''),
('BXSUBADMIN20230305', 13, 0, ''),
('BXSUBADMIN20230305', 14, 0, ''),
('BXSUBADMIN20230305', 15, 0, ''),
('BXSUBADMIN20230305', 16, 0, ''),
('BXSUBADMIN20230305', 17, 0, ''),
('BXSUBADMIN20230305', 18, 0, ''),
('BXSUBADMIN20230305', 19, 0, ''),
('BXSUBADMIN20230305', 20, 0, ''),
('BXSUBADMIN20230305', 21, 0, ''),
('BXSUBADMIN20230305', 22, 0, ''),
('BXSUBADMIN20230305', 23, 0, ''),
('BXSUBADMIN20230305', 24, 0, ''),
('BXSUBADMIN20230305', 25, 0, ''),
('BXSUBADMIN20230305', 26, 0, ''),
('BXSUBADMIN20230305', 27, 0, ''),
('BXSUBADMIN20230305', 28, 0, ''),
('BXSUBADMIN20230305', 29, 0, ''),
('BXSUBADMIN20230305', 30, 0, ''),
('BXSUBADMIN20230305', 31, 0, ''),
('BXSUBADMIN20230305', 32, 0, ''),
('BXSUBADMIN20230305', 33, 0, ''),
('BXSUBADMIN20230305', 34, 0, ''),
('BXSUBADMIN20230305', 35, 0, ''),
('BXSUBADMIN20230305', 36, 0, ''),
('BXSUBADMIN20230305', 37, 0, ''),
('BXSUBADMIN20230305', 38, 0, ''),
('BXSUBADMIN20230305', 39, 0, ''),
('BXSUBADMIN20230305', 40, 0, ''),
('BXSUBADMIN20230305', 41, 0, ''),
('BXSUBADMIN20230305', 42, 0, ''),
('BXSUBADMIN20230305', 43, 0, ''),
('BXSUBADMIN20230305', 44, 0, ''),
('BXSUBADMIN20230305', 45, 0, ''),
('BXSUBADMIN20230305', 46, 0, ''),
('BXSUBADMIN20230305', 47, 0, ''),
('BXSUBADMIN20230305', 48, 0, ''),
('BXSUBADMIN20230305', 49, 0, ''),
('BXSUBADMIN20230305', 50, 0, ''),
('BXSUBPT-MA20230306', 1, 0, ''),
('BXSUBPT-MA20230306', 2, 3, ''),
('BXSUBPT-MA20230306', 3, 0, ''),
('BXSUBPT-MA20230306', 4, 3, ''),
('BXSUBPT-MA20230306', 5, 3, ''),
('BXSUBPT-MA20230306', 6, 3, ''),
('BXSUBPT-MA20230306', 7, 3, ''),
('BXSUBPT-MA20230306', 8, 3, ''),
('BXSUBPT-MA20230306', 9, 3, ''),
('BXSUBPT-MA20230306', 10, 0, ''),
('BXSUBPT-MA20230306', 11, 3, ''),
('BXSUBPT-MA20230306', 12, 3, ''),
('BXSUBPT-MA20230306', 13, 3, ''),
('BXSUBPT-MA20230306', 14, 3, ''),
('BXSUBPT-MA20230306', 15, 3, ''),
('BXSUBPT-MA20230306', 16, 3, ''),
('BXSUBPT-MA20230306', 17, 3, ''),
('BXSUBPT-MA20230306', 18, 3, ''),
('BXSUBPT-MA20230306', 19, 3, ''),
('BXSUBPT-MA20230306', 20, 3, ''),
('BXSUBPT-MA20230306', 21, 3, ''),
('BXSUBPT-MA20230306', 22, 3, ''),
('BXSUBPT-MA20230306', 23, 3, ''),
('BXSUBPT-MA20230306', 24, 3, ''),
('BXSUBPT-MA20230306', 25, 3, ''),
('BXSUBPT-MA20230306', 26, 3, ''),
('BXSUBPT-MA20230306', 27, 3, ''),
('BXSUBPT-MA20230306', 28, 3, ''),
('BXSUBPT-MA20230306', 29, 3, ''),
('BXSUBPT-MA20230306', 30, 3, ''),
('BXSUBPT-MA20230306', 31, 0, ''),
('BXSUBPT-MA20230306', 32, 3, ''),
('BXSUBPT-MA20230306', 33, 3, ''),
('BXSUBPT-MA20230306', 34, 3, ''),
('BXSUBPT-MA20230306', 35, 3, ''),
('BXSUBPT-MA20230306', 36, 3, ''),
('BXSUBPT-MA20230306', 37, 3, ''),
('BXSUBPT-MA20230306', 38, 3, ''),
('BXSUBPT-MA20230306', 39, 3, ''),
('BXSUBPT-MA20230306', 40, 3, ''),
('BXSUBPT-MA20230306', 41, 3, ''),
('BXSUBPT-MA20230306', 42, 3, ''),
('BXSUBPT-MA20230306', 43, 3, ''),
('BXSUBPT-MA20230306', 44, 3, ''),
('BXSUBPT-MA20230306', 45, 3, ''),
('BXSUBPT-MA20230306', 46, 0, ''),
('BXSUBPT-MA20230306', 47, 3, ''),
('BXSUBPT-MA20230306', 48, 3, ''),
('BXSUBPT-MA20230306', 49, 3, ''),
('BXSUBPT-MA20230306', 50, 3, ''),
('BXSUBPT-RI20230307', 1, 0, ''),
('BXSUBPT-RI20230307', 2, 1, ''),
('BXSUBPT-RI20230307', 3, 0, ''),
('BXSUBPT-RI20230307', 4, 1, ''),
('BXSUBPT-RI20230307', 5, 1, ''),
('BXSUBPT-RI20230307', 6, 1, ''),
('BXSUBPT-RI20230307', 7, 1, ''),
('BXSUBPT-RI20230307', 8, 1, ''),
('BXSUBPT-RI20230307', 9, 1, ''),
('BXSUBPT-RI20230307', 10, 0, ''),
('BXSUBPT-RI20230307', 11, 1, ''),
('BXSUBPT-RI20230307', 12, 1, ''),
('BXSUBPT-RI20230307', 13, 1, ''),
('BXSUBPT-RI20230307', 14, 1, ''),
('BXSUBPT-RI20230307', 15, 1, ''),
('BXSUBPT-RI20230307', 16, 1, ''),
('BXSUBPT-RI20230307', 17, 1, ''),
('BXSUBPT-RI20230307', 18, 1, ''),
('BXSUBPT-RI20230307', 19, 1, ''),
('BXSUBPT-RI20230307', 20, 1, ''),
('BXSUBPT-RI20230307', 21, 1, ''),
('BXSUBPT-RI20230307', 22, 1, ''),
('BXSUBPT-RI20230307', 23, 1, ''),
('BXSUBPT-RI20230307', 24, 1, ''),
('BXSUBPT-RI20230307', 25, 1, ''),
('BXSUBPT-RI20230307', 26, 1, ''),
('BXSUBPT-RI20230307', 27, 1, ''),
('BXSUBPT-RI20230307', 28, 1, ''),
('BXSUBPT-RI20230307', 29, 1, ''),
('BXSUBPT-RI20230307', 30, 1, ''),
('BXSUBPT-RI20230307', 31, 0, ''),
('BXSUBPT-RI20230307', 32, 1, ''),
('BXSUBPT-RI20230307', 33, 1, ''),
('BXSUBPT-RI20230307', 34, 1, ''),
('BXSUBPT-RI20230307', 35, 1, ''),
('BXSUBPT-RI20230307', 36, 1, ''),
('BXSUBPT-RI20230307', 37, 1, ''),
('BXSUBPT-RI20230307', 38, 1, ''),
('BXSUBPT-RI20230307', 39, 1, ''),
('BXSUBPT-RI20230307', 40, 1, ''),
('BXSUBPT-RI20230307', 41, 1, ''),
('BXSUBPT-RI20230307', 42, 1, ''),
('BXSUBPT-RI20230307', 43, 1, ''),
('BXSUBPT-RI20230307', 44, 1, ''),
('BXSUBPT-RI20230307', 45, 1, ''),
('BXSUBPT-RI20230307', 46, 0, ''),
('BXSUBPT-RI20230307', 47, 1, ''),
('BXSUBPT-RI20230307', 48, 1, ''),
('BXSUBPT-RI20230307', 49, 1, ''),
('BXSUBPT-RI20230307', 50, 1, ''),
('BXSUBMUDA-20230309', 1, 0, ''),
('BXSUBMUDA-20230309', 2, 1, ''),
('BXSUBMUDA-20230309', 3, 0, ''),
('BXSUBMUDA-20230309', 4, 1, ''),
('BXSUBMUDA-20230309', 5, 1, ''),
('BXSUBMUDA-20230309', 6, 1, ''),
('BXSUBMUDA-20230309', 7, 1, ''),
('BXSUBMUDA-20230309', 8, 1, ''),
('BXSUBMUDA-20230309', 9, 1, ''),
('BXSUBMUDA-20230309', 10, 0, ''),
('BXSUBMUDA-20230309', 11, 1, ''),
('BXSUBMUDA-20230309', 12, 1, ''),
('BXSUBMUDA-20230309', 13, 1, ''),
('BXSUBMUDA-20230309', 14, 1, ''),
('BXSUBMUDA-20230309', 15, 1, ''),
('BXSUBMUDA-20230309', 16, 1, ''),
('BXSUBMUDA-20230309', 17, 1, ''),
('BXSUBMUDA-20230309', 18, 1, ''),
('BXSUBMUDA-20230309', 19, 1, ''),
('BXSUBMUDA-20230309', 20, 1, ''),
('BXSUBMUDA-20230309', 21, 1, ''),
('BXSUBMUDA-20230309', 22, 1, ''),
('BXSUBMUDA-20230309', 23, 1, ''),
('BXSUBMUDA-20230309', 24, 1, ''),
('BXSUBMUDA-20230309', 25, 1, ''),
('BXSUBMUDA-20230309', 26, 1, ''),
('BXSUBMUDA-20230309', 27, 1, ''),
('BXSUBMUDA-20230309', 28, 1, ''),
('BXSUBMUDA-20230309', 29, 1, ''),
('BXSUBMUDA-20230309', 30, 1, ''),
('BXSUBMUDA-20230309', 31, 0, ''),
('BXSUBMUDA-20230309', 32, 1, ''),
('BXSUBMUDA-20230309', 33, 1, ''),
('BXSUBMUDA-20230309', 34, 1, ''),
('BXSUBMUDA-20230309', 35, 1, ''),
('BXSUBMUDA-20230309', 36, 1, ''),
('BXSUBMUDA-20230309', 37, 1, ''),
('BXSUBMUDA-20230309', 38, 1, ''),
('BXSUBMUDA-20230309', 39, 1, ''),
('BXSUBMUDA-20230309', 40, 1, ''),
('BXSUBMUDA-20230309', 41, 1, ''),
('BXSUBMUDA-20230309', 42, 1, ''),
('BXSUBMUDA-20230309', 43, 1, ''),
('BXSUBMUDA-20230309', 44, 1, ''),
('BXSUBMUDA-20230309', 45, 1, ''),
('BXSUBMUDA-20230309', 46, 0, ''),
('BXSUBMUDA-20230309', 47, 1, ''),
('BXSUBMUDA-20230309', 48, 1, ''),
('BXSUBMUDA-20230309', 49, 1, ''),
('BXSUBMUDA-20230309', 50, 1, ''),
('BXSUBRIZKI20230313', 1, 0, ''),
('BXSUBRIZKI20230313', 2, 3, ''),
('BXSUBRIZKI20230313', 3, 0, ''),
('BXSUBRIZKI20230313', 4, 0, ''),
('BXSUBRIZKI20230313', 5, 0, ''),
('BXSUBRIZKI20230313', 6, 0, ''),
('BXSUBRIZKI20230313', 7, 0, ''),
('BXSUBRIZKI20230313', 8, 0, ''),
('BXSUBRIZKI20230313', 9, 0, ''),
('BXSUBRIZKI20230313', 10, 0, ''),
('BXSUBRIZKI20230313', 11, 0, ''),
('BXSUBRIZKI20230313', 12, 0, ''),
('BXSUBRIZKI20230313', 13, 0, ''),
('BXSUBRIZKI20230313', 14, 0, ''),
('BXSUBRIZKI20230313', 15, 0, ''),
('BXSUBRIZKI20230313', 16, 0, ''),
('BXSUBRIZKI20230313', 17, 0, ''),
('BXSUBRIZKI20230313', 18, 0, ''),
('BXSUBRIZKI20230313', 19, 0, ''),
('BXSUBRIZKI20230313', 20, 0, ''),
('BXSUBRIZKI20230313', 21, 0, ''),
('BXSUBRIZKI20230313', 22, 0, ''),
('BXSUBRIZKI20230313', 23, 0, ''),
('BXSUBRIZKI20230313', 24, 0, ''),
('BXSUBRIZKI20230313', 25, 0, ''),
('BXSUBRIZKI20230313', 26, 0, ''),
('BXSUBRIZKI20230313', 27, 0, ''),
('BXSUBRIZKI20230313', 28, 0, ''),
('BXSUBRIZKI20230313', 29, 0, ''),
('BXSUBRIZKI20230313', 30, 0, ''),
('BXSUBRIZKI20230313', 31, 0, ''),
('BXSUBRIZKI20230313', 32, 0, ''),
('BXSUBRIZKI20230313', 33, 0, ''),
('BXSUBRIZKI20230313', 34, 0, ''),
('BXSUBRIZKI20230313', 35, 0, ''),
('BXSUBRIZKI20230313', 36, 0, ''),
('BXSUBRIZKI20230313', 37, 0, ''),
('BXSUBRIZKI20230313', 38, 0, ''),
('BXSUBRIZKI20230313', 39, 0, ''),
('BXSUBRIZKI20230313', 40, 0, ''),
('BXSUBRIZKI20230313', 41, 0, ''),
('BXSUBRIZKI20230313', 42, 0, ''),
('BXSUBRIZKI20230313', 43, 0, ''),
('BXSUBRIZKI20230313', 44, 0, ''),
('BXSUBRIZKI20230313', 45, 0, ''),
('BXSUBRIZKI20230313', 46, 0, ''),
('BXSUBRIZKI20230313', 47, 0, ''),
('BXSUBRIZKI20230313', 48, 0, ''),
('BXSUBRIZKI20230313', 49, 0, ''),
('BXSUBRIZKI20230313', 50, 0, ''),
('BXSUBRIZKI20230314', 1, 0, ''),
('BXSUBRIZKI20230314', 2, 3, ''),
('BXSUBRIZKI20230314', 3, 0, ''),
('BXSUBRIZKI20230314', 4, 0, ''),
('BXSUBRIZKI20230314', 5, 0, ''),
('BXSUBRIZKI20230314', 6, 0, ''),
('BXSUBRIZKI20230314', 7, 0, ''),
('BXSUBRIZKI20230314', 8, 0, ''),
('BXSUBRIZKI20230314', 9, 0, ''),
('BXSUBRIZKI20230314', 10, 0, ''),
('BXSUBRIZKI20230314', 11, 0, ''),
('BXSUBRIZKI20230314', 12, 0, ''),
('BXSUBRIZKI20230314', 13, 0, ''),
('BXSUBRIZKI20230314', 14, 0, ''),
('BXSUBRIZKI20230314', 15, 0, ''),
('BXSUBRIZKI20230314', 16, 0, ''),
('BXSUBRIZKI20230314', 17, 0, ''),
('BXSUBRIZKI20230314', 18, 0, ''),
('BXSUBRIZKI20230314', 19, 0, ''),
('BXSUBRIZKI20230314', 20, 0, ''),
('BXSUBRIZKI20230314', 21, 0, ''),
('BXSUBRIZKI20230314', 22, 0, ''),
('BXSUBRIZKI20230314', 23, 0, ''),
('BXSUBRIZKI20230314', 24, 0, ''),
('BXSUBRIZKI20230314', 25, 0, ''),
('BXSUBRIZKI20230314', 26, 0, ''),
('BXSUBRIZKI20230314', 27, 0, ''),
('BXSUBRIZKI20230314', 28, 0, ''),
('BXSUBRIZKI20230314', 29, 0, ''),
('BXSUBRIZKI20230314', 30, 0, ''),
('BXSUBRIZKI20230314', 31, 0, ''),
('BXSUBRIZKI20230314', 32, 0, ''),
('BXSUBRIZKI20230314', 33, 0, ''),
('BXSUBRIZKI20230314', 34, 0, ''),
('BXSUBRIZKI20230314', 35, 0, ''),
('BXSUBRIZKI20230314', 36, 0, ''),
('BXSUBRIZKI20230314', 37, 0, ''),
('BXSUBRIZKI20230314', 38, 0, ''),
('BXSUBRIZKI20230314', 39, 0, ''),
('BXSUBRIZKI20230314', 40, 0, ''),
('BXSUBRIZKI20230314', 41, 0, ''),
('BXSUBRIZKI20230314', 42, 0, ''),
('BXSUBRIZKI20230314', 43, 0, ''),
('BXSUBRIZKI20230314', 44, 0, ''),
('BXSUBRIZKI20230314', 45, 0, ''),
('BXSUBRIZKI20230314', 46, 0, ''),
('BXSUBRIZKI20230314', 47, 0, ''),
('BXSUBRIZKI20230314', 48, 0, ''),
('BXSUBRIZKI20230314', 49, 0, ''),
('BXSUBRIZKI20230314', 50, 0, ''),
('BXSUBBECDE20230318', 1, 0, ''),
('BXSUBBECDE20230318', 2, 3, ''),
('BXSUBBECDE20230318', 3, 0, ''),
('BXSUBBECDE20230318', 4, 3, ''),
('BXSUBBECDE20230318', 5, 3, ''),
('BXSUBBECDE20230318', 6, 0, ''),
('BXSUBBECDE20230318', 7, 0, ''),
('BXSUBBECDE20230318', 8, 0, ''),
('BXSUBBECDE20230318', 9, 0, ''),
('BXSUBBECDE20230318', 10, 0, ''),
('BXSUBBECDE20230318', 11, 0, ''),
('BXSUBBECDE20230318', 12, 0, ''),
('BXSUBBECDE20230318', 13, 0, ''),
('BXSUBBECDE20230318', 14, 0, ''),
('BXSUBBECDE20230318', 15, 0, ''),
('BXSUBBECDE20230318', 16, 0, ''),
('BXSUBBECDE20230318', 17, 0, ''),
('BXSUBBECDE20230318', 18, 0, ''),
('BXSUBBECDE20230318', 19, 0, ''),
('BXSUBBECDE20230318', 20, 0, ''),
('BXSUBBECDE20230318', 21, 0, ''),
('BXSUBBECDE20230318', 22, 0, ''),
('BXSUBBECDE20230318', 23, 0, ''),
('BXSUBBECDE20230318', 24, 0, ''),
('BXSUBBECDE20230318', 25, 0, ''),
('BXSUBBECDE20230318', 26, 0, ''),
('BXSUBBECDE20230318', 27, 0, ''),
('BXSUBBECDE20230318', 28, 0, ''),
('BXSUBBECDE20230318', 29, 0, ''),
('BXSUBBECDE20230318', 30, 0, ''),
('BXSUBBECDE20230318', 31, 0, ''),
('BXSUBBECDE20230318', 32, 0, ''),
('BXSUBBECDE20230318', 33, 0, ''),
('BXSUBBECDE20230318', 34, 0, ''),
('BXSUBBECDE20230318', 35, 0, ''),
('BXSUBBECDE20230318', 36, 0, ''),
('BXSUBBECDE20230318', 37, 0, ''),
('BXSUBBECDE20230318', 38, 0, ''),
('BXSUBBECDE20230318', 39, 0, ''),
('BXSUBBECDE20230318', 40, 0, ''),
('BXSUBBECDE20230318', 41, 0, ''),
('BXSUBBECDE20230318', 42, 0, ''),
('BXSUBBECDE20230318', 43, 0, ''),
('BXSUBBECDE20230318', 44, 0, ''),
('BXSUBBECDE20230318', 45, 0, ''),
('BXSUBBECDE20230318', 46, 0, ''),
('BXSUBBECDE20230318', 47, 0, ''),
('BXSUBBECDE20230318', 48, 0, ''),
('BXSUBBECDE20230318', 49, 0, ''),
('BXSUBBECDE20230318', 50, 0, ''),
('BXSUBRIZKI20230320', 1, 0, ''),
('BXSUBRIZKI20230320', 2, 3, ''),
('BXSUBRIZKI20230320', 3, 0, ''),
('BXSUBRIZKI20230320', 4, 0, ''),
('BXSUBRIZKI20230320', 5, 0, ''),
('BXSUBRIZKI20230320', 6, 0, ''),
('BXSUBRIZKI20230320', 7, 0, ''),
('BXSUBRIZKI20230320', 8, 0, ''),
('BXSUBRIZKI20230320', 9, 0, ''),
('BXSUBRIZKI20230320', 10, 0, ''),
('BXSUBRIZKI20230320', 11, 0, ''),
('BXSUBRIZKI20230320', 12, 0, ''),
('BXSUBRIZKI20230320', 13, 0, ''),
('BXSUBRIZKI20230320', 14, 0, ''),
('BXSUBRIZKI20230320', 15, 0, ''),
('BXSUBRIZKI20230320', 16, 0, ''),
('BXSUBRIZKI20230320', 17, 0, ''),
('BXSUBRIZKI20230320', 18, 0, ''),
('BXSUBRIZKI20230320', 19, 0, ''),
('BXSUBRIZKI20230320', 20, 0, ''),
('BXSUBRIZKI20230320', 21, 0, ''),
('BXSUBRIZKI20230320', 22, 0, ''),
('BXSUBRIZKI20230320', 23, 0, ''),
('BXSUBRIZKI20230320', 24, 0, ''),
('BXSUBRIZKI20230320', 25, 0, ''),
('BXSUBRIZKI20230320', 26, 0, ''),
('BXSUBRIZKI20230320', 27, 0, ''),
('BXSUBRIZKI20230320', 28, 0, ''),
('BXSUBRIZKI20230320', 29, 0, ''),
('BXSUBRIZKI20230320', 30, 0, ''),
('BXSUBRIZKI20230320', 31, 0, ''),
('BXSUBRIZKI20230320', 32, 0, ''),
('BXSUBRIZKI20230320', 33, 0, ''),
('BXSUBRIZKI20230320', 34, 0, ''),
('BXSUBRIZKI20230320', 35, 0, ''),
('BXSUBRIZKI20230320', 36, 0, ''),
('BXSUBRIZKI20230320', 37, 0, ''),
('BXSUBRIZKI20230320', 38, 0, ''),
('BXSUBRIZKI20230320', 39, 0, ''),
('BXSUBRIZKI20230320', 40, 0, ''),
('BXSUBRIZKI20230320', 41, 0, ''),
('BXSUBRIZKI20230320', 42, 0, ''),
('BXSUBRIZKI20230320', 43, 0, ''),
('BXSUBRIZKI20230320', 44, 0, ''),
('BXSUBRIZKI20230320', 45, 0, ''),
('BXSUBRIZKI20230320', 46, 0, ''),
('BXSUBRIZKI20230320', 47, 0, ''),
('BXSUBRIZKI20230320', 48, 0, ''),
('BXSUBRIZKI20230320', 49, 0, ''),
('BXSUBRIZKI20230320', 50, 0, ''),
('BXSUBTESTI20230320', 1, 0, ''),
('BXSUBTESTI20230320', 2, 0, ''),
('BXSUBTESTI20230320', 3, 0, ''),
('BXSUBTESTI20230320', 4, 0, ''),
('BXSUBTESTI20230320', 5, 0, ''),
('BXSUBTESTI20230320', 6, 0, ''),
('BXSUBTESTI20230320', 7, 0, ''),
('BXSUBTESTI20230320', 8, 0, ''),
('BXSUBTESTI20230320', 9, 0, ''),
('BXSUBTESTI20230320', 10, 0, ''),
('BXSUBTESTI20230320', 11, 0, ''),
('BXSUBTESTI20230320', 12, 0, ''),
('BXSUBTESTI20230320', 13, 0, ''),
('BXSUBTESTI20230320', 14, 0, ''),
('BXSUBTESTI20230320', 15, 0, ''),
('BXSUBTESTI20230320', 16, 0, ''),
('BXSUBTESTI20230320', 17, 0, ''),
('BXSUBTESTI20230320', 18, 0, ''),
('BXSUBTESTI20230320', 19, 0, ''),
('BXSUBTESTI20230320', 20, 0, ''),
('BXSUBTESTI20230320', 21, 0, ''),
('BXSUBTESTI20230320', 22, 0, ''),
('BXSUBTESTI20230320', 23, 0, ''),
('BXSUBTESTI20230320', 24, 0, ''),
('BXSUBTESTI20230320', 25, 0, ''),
('BXSUBTESTI20230320', 26, 0, ''),
('BXSUBTESTI20230320', 27, 0, ''),
('BXSUBTESTI20230320', 28, 0, ''),
('BXSUBTESTI20230320', 29, 0, ''),
('BXSUBTESTI20230320', 30, 0, ''),
('BXSUBTESTI20230320', 31, 0, ''),
('BXSUBTESTI20230320', 32, 0, ''),
('BXSUBTESTI20230320', 33, 0, ''),
('BXSUBTESTI20230320', 34, 0, ''),
('BXSUBTESTI20230320', 35, 0, ''),
('BXSUBTESTI20230320', 36, 0, ''),
('BXSUBTESTI20230320', 37, 0, ''),
('BXSUBTESTI20230320', 38, 0, ''),
('BXSUBTESTI20230320', 39, 0, ''),
('BXSUBTESTI20230320', 40, 0, ''),
('BXSUBTESTI20230320', 41, 0, ''),
('BXSUBTESTI20230320', 42, 0, ''),
('BXSUBTESTI20230320', 43, 0, ''),
('BXSUBTESTI20230320', 44, 0, ''),
('BXSUBTESTI20230320', 45, 0, ''),
('BXSUBTESTI20230320', 46, 0, ''),
('BXSUBTESTI20230320', 47, 0, ''),
('BXSUBTESTI20230320', 48, 0, ''),
('BXSUBTESTI20230320', 49, 0, ''),
('BXSUBTESTI20230320', 50, 0, ''),
('BXSUBBECDE20230321', 1, 0, ''),
('BXSUBBECDE20230321', 2, 3, ''),
('BXSUBBECDE20230321', 3, 0, ''),
('BXSUBBECDE20230321', 4, 3, ''),
('BXSUBBECDE20230321', 5, 3, ''),
('BXSUBBECDE20230321', 6, 0, ''),
('BXSUBBECDE20230321', 7, 0, ''),
('BXSUBBECDE20230321', 8, 0, ''),
('BXSUBBECDE20230321', 9, 0, ''),
('BXSUBBECDE20230321', 10, 0, ''),
('BXSUBBECDE20230321', 11, 0, ''),
('BXSUBBECDE20230321', 12, 0, ''),
('BXSUBBECDE20230321', 13, 0, ''),
('BXSUBBECDE20230321', 14, 0, ''),
('BXSUBBECDE20230321', 15, 0, ''),
('BXSUBBECDE20230321', 16, 0, ''),
('BXSUBBECDE20230321', 17, 0, ''),
('BXSUBBECDE20230321', 18, 0, ''),
('BXSUBBECDE20230321', 19, 0, ''),
('BXSUBBECDE20230321', 20, 0, ''),
('BXSUBBECDE20230321', 21, 0, ''),
('BXSUBBECDE20230321', 22, 0, ''),
('BXSUBBECDE20230321', 23, 0, ''),
('BXSUBBECDE20230321', 24, 0, ''),
('BXSUBBECDE20230321', 25, 0, ''),
('BXSUBBECDE20230321', 26, 0, ''),
('BXSUBBECDE20230321', 27, 0, ''),
('BXSUBBECDE20230321', 28, 0, ''),
('BXSUBBECDE20230321', 29, 0, ''),
('BXSUBBECDE20230321', 30, 0, ''),
('BXSUBBECDE20230321', 31, 0, ''),
('BXSUBBECDE20230321', 32, 0, ''),
('BXSUBBECDE20230321', 33, 0, ''),
('BXSUBBECDE20230321', 34, 0, ''),
('BXSUBBECDE20230321', 35, 0, ''),
('BXSUBBECDE20230321', 36, 0, ''),
('BXSUBBECDE20230321', 37, 0, ''),
('BXSUBBECDE20230321', 38, 0, ''),
('BXSUBBECDE20230321', 39, 0, ''),
('BXSUBBECDE20230321', 40, 0, ''),
('BXSUBBECDE20230321', 41, 0, ''),
('BXSUBBECDE20230321', 42, 0, ''),
('BXSUBBECDE20230321', 43, 0, ''),
('BXSUBBECDE20230321', 44, 0, ''),
('BXSUBBECDE20230321', 45, 0, ''),
('BXSUBBECDE20230321', 46, 0, ''),
('BXSUBBECDE20230321', 47, 0, ''),
('BXSUBBECDE20230321', 48, 0, ''),
('BXSUBBECDE20230321', 49, 0, ''),
('BXSUBBECDE20230321', 50, 0, ''),
('BXSUBSPEND20230330', 1, 0, ''),
('BXSUBSPEND20230330', 2, 0, ''),
('BXSUBSPEND20230330', 3, 0, ''),
('BXSUBSPEND20230330', 4, 0, ''),
('BXSUBSPEND20230330', 5, 0, ''),
('BXSUBSPEND20230330', 6, 0, ''),
('BXSUBSPEND20230330', 7, 0, ''),
('BXSUBSPEND20230330', 8, 0, ''),
('BXSUBSPEND20230330', 9, 0, ''),
('BXSUBSPEND20230330', 10, 0, ''),
('BXSUBSPEND20230330', 11, 0, ''),
('BXSUBSPEND20230330', 12, 0, ''),
('BXSUBSPEND20230330', 13, 0, ''),
('BXSUBSPEND20230330', 14, 0, ''),
('BXSUBSPEND20230330', 15, 0, ''),
('BXSUBSPEND20230330', 16, 0, ''),
('BXSUBSPEND20230330', 17, 0, ''),
('BXSUBSPEND20230330', 18, 0, ''),
('BXSUBSPEND20230330', 19, 0, ''),
('BXSUBSPEND20230330', 20, 0, ''),
('BXSUBSPEND20230330', 21, 0, ''),
('BXSUBSPEND20230330', 22, 0, ''),
('BXSUBSPEND20230330', 23, 0, ''),
('BXSUBSPEND20230330', 24, 0, ''),
('BXSUBSPEND20230330', 25, 0, ''),
('BXSUBSPEND20230330', 26, 0, ''),
('BXSUBSPEND20230330', 27, 0, ''),
('BXSUBSPEND20230330', 28, 0, ''),
('BXSUBSPEND20230330', 29, 0, ''),
('BXSUBSPEND20230330', 30, 0, ''),
('BXSUBSPEND20230330', 31, 0, ''),
('BXSUBSPEND20230330', 32, 0, ''),
('BXSUBSPEND20230330', 33, 0, ''),
('BXSUBSPEND20230330', 34, 0, ''),
('BXSUBSPEND20230330', 35, 0, ''),
('BXSUBSPEND20230330', 36, 0, ''),
('BXSUBSPEND20230330', 37, 0, ''),
('BXSUBSPEND20230330', 38, 0, ''),
('BXSUBSPEND20230330', 39, 0, ''),
('BXSUBSPEND20230330', 40, 0, ''),
('BXSUBSPEND20230330', 41, 0, ''),
('BXSUBSPEND20230330', 42, 0, ''),
('BXSUBSPEND20230330', 43, 0, ''),
('BXSUBSPEND20230330', 44, 0, ''),
('BXSUBSPEND20230330', 45, 0, ''),
('BXSUBSPEND20230330', 46, 0, ''),
('BXSUBSPEND20230330', 47, 0, ''),
('BXSUBSPEND20230330', 48, 0, ''),
('BXSUBSPEND20230330', 49, 0, ''),
('BXSUBSPEND20230330', 50, 0, ''),
('BXSUBRR20230330', 1, 0, ''),
('BXSUBRR20230330', 2, 0, ''),
('BXSUBRR20230330', 3, 0, ''),
('BXSUBRR20230330', 4, 0, ''),
('BXSUBRR20230330', 5, 0, ''),
('BXSUBRR20230330', 6, 0, ''),
('BXSUBRR20230330', 7, 0, ''),
('BXSUBRR20230330', 8, 0, ''),
('BXSUBRR20230330', 9, 0, ''),
('BXSUBRR20230330', 10, 0, ''),
('BXSUBRR20230330', 11, 0, ''),
('BXSUBRR20230330', 12, 0, ''),
('BXSUBRR20230330', 13, 0, ''),
('BXSUBRR20230330', 14, 0, ''),
('BXSUBRR20230330', 15, 0, ''),
('BXSUBRR20230330', 16, 0, ''),
('BXSUBRR20230330', 17, 0, ''),
('BXSUBRR20230330', 18, 0, ''),
('BXSUBRR20230330', 19, 0, ''),
('BXSUBRR20230330', 20, 0, ''),
('BXSUBRR20230330', 21, 0, ''),
('BXSUBRR20230330', 22, 0, ''),
('BXSUBRR20230330', 23, 0, ''),
('BXSUBRR20230330', 24, 0, ''),
('BXSUBRR20230330', 25, 0, ''),
('BXSUBRR20230330', 26, 0, ''),
('BXSUBRR20230330', 27, 0, ''),
('BXSUBRR20230330', 28, 0, ''),
('BXSUBRR20230330', 29, 0, ''),
('BXSUBRR20230330', 30, 0, ''),
('BXSUBRR20230330', 31, 0, ''),
('BXSUBRR20230330', 32, 0, ''),
('BXSUBRR20230330', 33, 0, ''),
('BXSUBRR20230330', 34, 0, ''),
('BXSUBRR20230330', 35, 0, ''),
('BXSUBRR20230330', 36, 0, ''),
('BXSUBRR20230330', 37, 0, ''),
('BXSUBRR20230330', 38, 0, ''),
('BXSUBRR20230330', 39, 0, ''),
('BXSUBRR20230330', 40, 0, ''),
('BXSUBRR20230330', 41, 0, ''),
('BXSUBRR20230330', 42, 0, ''),
('BXSUBRR20230330', 43, 0, ''),
('BXSUBRR20230330', 44, 0, ''),
('BXSUBRR20230330', 45, 0, ''),
('BXSUBRR20230330', 46, 0, ''),
('BXSUBRR20230330', 47, 0, ''),
('BXSUBRR20230330', 48, 0, ''),
('BXSUBRR20230330', 49, 0, ''),
('BXSUBRR20230330', 50, 0, ''),
('BXSUBBECDE20230330', 1, 0, ''),
('BXSUBBECDE20230330', 2, 0, ''),
('BXSUBBECDE20230330', 3, 0, ''),
('BXSUBBECDE20230330', 4, 0, ''),
('BXSUBBECDE20230330', 5, 0, ''),
('BXSUBBECDE20230330', 6, 0, ''),
('BXSUBBECDE20230330', 7, 0, ''),
('BXSUBBECDE20230330', 8, 0, ''),
('BXSUBBECDE20230330', 9, 0, ''),
('BXSUBBECDE20230330', 10, 0, ''),
('BXSUBBECDE20230330', 11, 0, ''),
('BXSUBBECDE20230330', 12, 0, ''),
('BXSUBBECDE20230330', 13, 0, ''),
('BXSUBBECDE20230330', 14, 0, ''),
('BXSUBBECDE20230330', 15, 0, ''),
('BXSUBBECDE20230330', 16, 0, ''),
('BXSUBBECDE20230330', 17, 0, ''),
('BXSUBBECDE20230330', 18, 0, ''),
('BXSUBBECDE20230330', 19, 0, ''),
('BXSUBBECDE20230330', 20, 0, ''),
('BXSUBBECDE20230330', 21, 0, ''),
('BXSUBBECDE20230330', 22, 0, ''),
('BXSUBBECDE20230330', 23, 0, ''),
('BXSUBBECDE20230330', 24, 0, ''),
('BXSUBBECDE20230330', 25, 0, ''),
('BXSUBBECDE20230330', 26, 0, ''),
('BXSUBBECDE20230330', 27, 0, ''),
('BXSUBBECDE20230330', 28, 0, ''),
('BXSUBBECDE20230330', 29, 0, ''),
('BXSUBBECDE20230330', 30, 0, ''),
('BXSUBBECDE20230330', 31, 0, ''),
('BXSUBBECDE20230330', 32, 0, ''),
('BXSUBBECDE20230330', 33, 0, ''),
('BXSUBBECDE20230330', 34, 0, ''),
('BXSUBBECDE20230330', 35, 0, ''),
('BXSUBBECDE20230330', 36, 0, ''),
('BXSUBBECDE20230330', 37, 0, ''),
('BXSUBBECDE20230330', 38, 0, ''),
('BXSUBBECDE20230330', 39, 0, ''),
('BXSUBBECDE20230330', 40, 0, ''),
('BXSUBBECDE20230330', 41, 0, ''),
('BXSUBBECDE20230330', 42, 0, ''),
('BXSUBBECDE20230330', 43, 0, ''),
('BXSUBBECDE20230330', 44, 0, ''),
('BXSUBBECDE20230330', 45, 0, ''),
('BXSUBBECDE20230330', 46, 0, ''),
('BXSUBBECDE20230330', 47, 0, ''),
('BXSUBBECDE20230330', 48, 0, ''),
('BXSUBBECDE20230330', 49, 0, ''),
('BXSUBBECDE20230330', 50, 0, ''),
('BXSUBBECDE20230330', 1, 0, ''),
('BXSUBBECDE20230330', 2, 0, ''),
('BXSUBBECDE20230330', 3, 0, ''),
('BXSUBBECDE20230330', 4, 0, ''),
('BXSUBBECDE20230330', 5, 0, ''),
('BXSUBBECDE20230330', 6, 0, ''),
('BXSUBBECDE20230330', 7, 0, ''),
('BXSUBBECDE20230330', 8, 0, ''),
('BXSUBBECDE20230330', 9, 0, ''),
('BXSUBBECDE20230330', 10, 0, ''),
('BXSUBBECDE20230330', 11, 0, ''),
('BXSUBBECDE20230330', 12, 0, ''),
('BXSUBBECDE20230330', 13, 0, ''),
('BXSUBBECDE20230330', 14, 0, ''),
('BXSUBBECDE20230330', 15, 0, ''),
('BXSUBBECDE20230330', 16, 0, ''),
('BXSUBBECDE20230330', 17, 0, ''),
('BXSUBBECDE20230330', 18, 0, ''),
('BXSUBBECDE20230330', 19, 0, ''),
('BXSUBBECDE20230330', 20, 0, ''),
('BXSUBBECDE20230330', 21, 0, ''),
('BXSUBBECDE20230330', 22, 0, ''),
('BXSUBBECDE20230330', 23, 0, ''),
('BXSUBBECDE20230330', 24, 0, ''),
('BXSUBBECDE20230330', 25, 0, ''),
('BXSUBBECDE20230330', 26, 0, ''),
('BXSUBBECDE20230330', 27, 0, ''),
('BXSUBBECDE20230330', 28, 0, ''),
('BXSUBBECDE20230330', 29, 0, ''),
('BXSUBBECDE20230330', 30, 0, ''),
('BXSUBBECDE20230330', 31, 0, ''),
('BXSUBBECDE20230330', 32, 0, ''),
('BXSUBBECDE20230330', 33, 0, ''),
('BXSUBBECDE20230330', 34, 0, ''),
('BXSUBBECDE20230330', 35, 0, ''),
('BXSUBBECDE20230330', 36, 0, ''),
('BXSUBBECDE20230330', 37, 0, ''),
('BXSUBBECDE20230330', 38, 0, ''),
('BXSUBBECDE20230330', 39, 0, ''),
('BXSUBBECDE20230330', 40, 0, ''),
('BXSUBBECDE20230330', 41, 0, ''),
('BXSUBBECDE20230330', 42, 0, ''),
('BXSUBBECDE20230330', 43, 0, ''),
('BXSUBBECDE20230330', 44, 0, ''),
('BXSUBBECDE20230330', 45, 0, ''),
('BXSUBBECDE20230330', 46, 0, ''),
('BXSUBBECDE20230330', 47, 0, ''),
('BXSUBBECDE20230330', 48, 0, ''),
('BXSUBBECDE20230330', 49, 0, ''),
('BXSUBBECDE20230330', 50, 0, ''),
('BXSUBSPEND20230330', 1, 0, ''),
('BXSUBSPEND20230330', 2, 0, ''),
('BXSUBSPEND20230330', 3, 0, ''),
('BXSUBSPEND20230330', 4, 0, ''),
('BXSUBSPEND20230330', 5, 0, ''),
('BXSUBSPEND20230330', 6, 0, ''),
('BXSUBSPEND20230330', 7, 0, ''),
('BXSUBSPEND20230330', 8, 0, ''),
('BXSUBSPEND20230330', 9, 0, ''),
('BXSUBSPEND20230330', 10, 0, ''),
('BXSUBSPEND20230330', 11, 0, ''),
('BXSUBSPEND20230330', 12, 0, ''),
('BXSUBSPEND20230330', 13, 0, ''),
('BXSUBSPEND20230330', 14, 0, ''),
('BXSUBSPEND20230330', 15, 0, ''),
('BXSUBSPEND20230330', 16, 0, ''),
('BXSUBSPEND20230330', 17, 0, ''),
('BXSUBSPEND20230330', 18, 0, ''),
('BXSUBSPEND20230330', 19, 0, ''),
('BXSUBSPEND20230330', 20, 0, ''),
('BXSUBSPEND20230330', 21, 0, ''),
('BXSUBSPEND20230330', 22, 0, ''),
('BXSUBSPEND20230330', 23, 0, ''),
('BXSUBSPEND20230330', 24, 0, ''),
('BXSUBSPEND20230330', 25, 0, ''),
('BXSUBSPEND20230330', 26, 0, ''),
('BXSUBSPEND20230330', 27, 0, ''),
('BXSUBSPEND20230330', 28, 0, ''),
('BXSUBSPEND20230330', 29, 0, ''),
('BXSUBSPEND20230330', 30, 0, ''),
('BXSUBSPEND20230330', 31, 0, ''),
('BXSUBSPEND20230330', 32, 0, ''),
('BXSUBSPEND20230330', 33, 0, ''),
('BXSUBSPEND20230330', 34, 0, ''),
('BXSUBSPEND20230330', 35, 0, ''),
('BXSUBSPEND20230330', 36, 0, ''),
('BXSUBSPEND20230330', 37, 0, ''),
('BXSUBSPEND20230330', 38, 0, ''),
('BXSUBSPEND20230330', 39, 0, ''),
('BXSUBSPEND20230330', 40, 0, ''),
('BXSUBSPEND20230330', 41, 0, ''),
('BXSUBSPEND20230330', 42, 0, ''),
('BXSUBSPEND20230330', 43, 0, ''),
('BXSUBSPEND20230330', 44, 0, ''),
('BXSUBSPEND20230330', 45, 0, ''),
('BXSUBSPEND20230330', 46, 0, ''),
('BXSUBSPEND20230330', 47, 0, ''),
('BXSUBSPEND20230330', 48, 0, ''),
('BXSUBSPEND20230330', 49, 0, ''),
('BXSUBSPEND20230330', 50, 0, ''),
('BXSUBTESTI20230330', 1, 0, ''),
('BXSUBTESTI20230330', 2, 1, ''),
('BXSUBTESTI20230330', 3, 0, ''),
('BXSUBTESTI20230330', 4, 0, ''),
('BXSUBTESTI20230330', 5, 0, ''),
('BXSUBTESTI20230330', 6, 0, ''),
('BXSUBTESTI20230330', 7, 0, ''),
('BXSUBTESTI20230330', 8, 0, ''),
('BXSUBTESTI20230330', 9, 0, ''),
('BXSUBTESTI20230330', 10, 0, ''),
('BXSUBTESTI20230330', 11, 0, ''),
('BXSUBTESTI20230330', 12, 0, ''),
('BXSUBTESTI20230330', 13, 0, ''),
('BXSUBTESTI20230330', 14, 0, ''),
('BXSUBTESTI20230330', 15, 0, ''),
('BXSUBTESTI20230330', 16, 0, ''),
('BXSUBTESTI20230330', 17, 0, ''),
('BXSUBTESTI20230330', 18, 0, ''),
('BXSUBTESTI20230330', 19, 0, ''),
('BXSUBTESTI20230330', 20, 0, ''),
('BXSUBTESTI20230330', 21, 0, ''),
('BXSUBTESTI20230330', 22, 0, ''),
('BXSUBTESTI20230330', 23, 0, ''),
('BXSUBTESTI20230330', 24, 0, '');
INSERT INTO `submission_per_indicator` (`submission_id`, `indicator_id`, `status`, `comment`) VALUES
('BXSUBTESTI20230330', 25, 0, ''),
('BXSUBTESTI20230330', 26, 0, ''),
('BXSUBTESTI20230330', 27, 0, ''),
('BXSUBTESTI20230330', 28, 0, ''),
('BXSUBTESTI20230330', 29, 0, ''),
('BXSUBTESTI20230330', 30, 0, ''),
('BXSUBTESTI20230330', 31, 0, ''),
('BXSUBTESTI20230330', 32, 0, ''),
('BXSUBTESTI20230330', 33, 0, ''),
('BXSUBTESTI20230330', 34, 0, ''),
('BXSUBTESTI20230330', 35, 0, ''),
('BXSUBTESTI20230330', 36, 0, ''),
('BXSUBTESTI20230330', 37, 0, ''),
('BXSUBTESTI20230330', 38, 0, ''),
('BXSUBTESTI20230330', 39, 0, ''),
('BXSUBTESTI20230330', 40, 0, ''),
('BXSUBTESTI20230330', 41, 0, ''),
('BXSUBTESTI20230330', 42, 0, ''),
('BXSUBTESTI20230330', 43, 0, ''),
('BXSUBTESTI20230330', 44, 0, ''),
('BXSUBTESTI20230330', 45, 0, ''),
('BXSUBTESTI20230330', 46, 0, ''),
('BXSUBTESTI20230330', 47, 0, ''),
('BXSUBTESTI20230330', 48, 0, ''),
('BXSUBTESTI20230330', 49, 0, ''),
('BXSUBTESTI20230330', 50, 0, ''),
('BXSUBTESTI20230331', 1, 0, ''),
('BXSUBTESTI20230331', 2, 0, ''),
('BXSUBTESTI20230331', 3, 0, ''),
('BXSUBTESTI20230331', 4, 0, ''),
('BXSUBTESTI20230331', 5, 0, ''),
('BXSUBTESTI20230331', 6, 0, ''),
('BXSUBTESTI20230331', 7, 0, ''),
('BXSUBTESTI20230331', 8, 0, ''),
('BXSUBTESTI20230331', 9, 0, ''),
('BXSUBTESTI20230331', 10, 0, ''),
('BXSUBTESTI20230331', 11, 0, ''),
('BXSUBTESTI20230331', 12, 0, ''),
('BXSUBTESTI20230331', 13, 0, ''),
('BXSUBTESTI20230331', 14, 0, ''),
('BXSUBTESTI20230331', 15, 0, ''),
('BXSUBTESTI20230331', 16, 0, ''),
('BXSUBTESTI20230331', 17, 0, ''),
('BXSUBTESTI20230331', 18, 0, ''),
('BXSUBTESTI20230331', 19, 0, ''),
('BXSUBTESTI20230331', 20, 0, ''),
('BXSUBTESTI20230331', 21, 0, ''),
('BXSUBTESTI20230331', 22, 0, ''),
('BXSUBTESTI20230331', 23, 0, ''),
('BXSUBTESTI20230331', 24, 0, ''),
('BXSUBTESTI20230331', 25, 0, ''),
('BXSUBTESTI20230331', 26, 0, ''),
('BXSUBTESTI20230331', 27, 0, ''),
('BXSUBTESTI20230331', 28, 0, ''),
('BXSUBTESTI20230331', 29, 0, ''),
('BXSUBTESTI20230331', 30, 0, ''),
('BXSUBTESTI20230331', 31, 0, ''),
('BXSUBTESTI20230331', 32, 0, ''),
('BXSUBTESTI20230331', 33, 0, ''),
('BXSUBTESTI20230331', 34, 0, ''),
('BXSUBTESTI20230331', 35, 0, ''),
('BXSUBTESTI20230331', 36, 0, ''),
('BXSUBTESTI20230331', 37, 0, ''),
('BXSUBTESTI20230331', 38, 0, ''),
('BXSUBTESTI20230331', 39, 0, ''),
('BXSUBMUHAM20230331', 1, 0, ''),
('BXSUBMUHAM20230331', 2, 0, ''),
('BXSUBMUHAM20230331', 3, 0, ''),
('BXSUBMUHAM20230331', 4, 0, ''),
('BXSUBMUHAM20230331', 5, 0, ''),
('BXSUBMUHAM20230331', 6, 0, ''),
('BXSUBMUHAM20230331', 7, 0, ''),
('BXSUBMUHAM20230331', 8, 0, ''),
('BXSUBMUHAM20230331', 9, 0, ''),
('BXSUBMUHAM20230331', 10, 0, ''),
('BXSUBMUHAM20230331', 11, 0, ''),
('BXSUBMUHAM20230331', 12, 0, ''),
('BXSUBMUHAM20230331', 13, 0, ''),
('BXSUBMUHAM20230331', 14, 0, ''),
('BXSUBMUHAM20230331', 15, 0, ''),
('BXSUBMUHAM20230331', 16, 0, ''),
('BXSUBMUHAM20230331', 17, 0, ''),
('BXSUBMUHAM20230331', 18, 0, ''),
('BXSUBMUHAM20230331', 19, 0, ''),
('BXSUBMUHAM20230331', 20, 0, ''),
('BXSUBMUHAM20230331', 21, 0, ''),
('BXSUBMUHAM20230331', 22, 0, ''),
('BXSUBMUHAM20230331', 23, 0, ''),
('BXSUBMUHAM20230331', 24, 0, ''),
('BXSUBMUHAM20230331', 25, 0, ''),
('BXSUBMUHAM20230331', 26, 0, ''),
('BXSUBMUHAM20230331', 27, 0, ''),
('BXSUBMUHAM20230331', 28, 0, ''),
('BXSUBMUHAM20230331', 29, 0, ''),
('BXSUBMUHAM20230331', 30, 0, ''),
('BXSUBMUHAM20230331', 31, 0, ''),
('BXSUBMUHAM20230331', 32, 0, ''),
('BXSUBMUHAM20230331', 33, 0, ''),
('BXSUBMUHAM20230331', 34, 0, ''),
('BXSUBMUHAM20230331', 35, 0, ''),
('BXSUBMUHAM20230331', 36, 0, ''),
('BXSUBMUHAM20230331', 37, 0, ''),
('BXSUBMUHAM20230331', 38, 0, ''),
('BXSUBMUHAM20230331', 39, 0, ''),
('BXSUBMUHAM20230331', 40, 0, ''),
('BXSUBMUHAM20230331', 41, 0, ''),
('BXSUBMUHAM20230331', 42, 0, ''),
('BXSUBMUHAM20230331', 43, 0, ''),
('BXSUBMUHAM20230331', 44, 0, ''),
('BXSUBMUHAM20230331', 45, 0, ''),
('BXSUBMUHAM20230331', 46, 0, ''),
('BXSUBMUHAM20230331', 47, 0, ''),
('BXSUBMUHAM20230331', 48, 0, ''),
('BXSUBMUHAM20230331', 49, 0, ''),
('BXSUBMUHAM20230331', 50, 0, ''),
('BXSUBTESTI20230331', 1, 0, ''),
('BXSUBTESTI20230331', 2, 0, ''),
('BXSUBTESTI20230331', 3, 0, ''),
('BXSUBTESTI20230331', 4, 0, ''),
('BXSUBTESTI20230331', 5, 0, ''),
('BXSUBTESTI20230331', 6, 0, ''),
('BXSUBTESTI20230331', 7, 0, ''),
('BXSUBTESTI20230331', 8, 0, ''),
('BXSUBTESTI20230331', 9, 0, ''),
('BXSUBTESTI20230331', 10, 0, ''),
('BXSUBTESTI20230331', 11, 0, ''),
('BXSUBTESTI20230331', 12, 0, ''),
('BXSUBTESTI20230331', 13, 0, ''),
('BXSUBTESTI20230331', 14, 0, ''),
('BXSUBTESTI20230331', 15, 0, ''),
('BXSUBTESTI20230331', 16, 0, ''),
('BXSUBTESTI20230331', 17, 0, ''),
('BXSUBTESTI20230331', 18, 0, ''),
('BXSUBTESTI20230331', 19, 0, ''),
('BXSUBTESTI20230331', 20, 0, ''),
('BXSUBTESTI20230331', 21, 0, ''),
('BXSUBTESTI20230331', 22, 0, ''),
('BXSUBTESTI20230331', 23, 0, ''),
('BXSUBTESTI20230331', 24, 0, ''),
('BXSUBTESTI20230331', 25, 0, ''),
('BXSUBTESTI20230331', 26, 0, ''),
('BXSUBTESTI20230331', 27, 0, ''),
('BXSUBTESTI20230331', 28, 0, ''),
('BXSUBTESTI20230331', 29, 0, ''),
('BXSUBTESTI20230331', 30, 0, ''),
('BXSUBTESTI20230331', 31, 0, ''),
('BXSUBTESTI20230331', 32, 0, ''),
('BXSUBTESTI20230331', 33, 0, ''),
('BXSUBTESTI20230331', 34, 0, ''),
('BXSUBTESTI20230331', 35, 0, ''),
('BXSUBTESTI20230331', 36, 0, ''),
('BXSUBTESTI20230331', 37, 0, ''),
('BXSUBTESTI20230331', 38, 0, ''),
('BXSUBTESTI20230331', 39, 0, ''),
('BXSUBTESTI20230331', 40, 0, ''),
('BXSUBTESTI20230331', 41, 0, ''),
('BXSUBTESTI20230331', 42, 0, ''),
('BXSUBTESTI20230331', 43, 0, ''),
('BXSUBTESTI20230331', 44, 0, ''),
('BXSUBTESTI20230331', 45, 0, ''),
('BXSUBTESTI20230331', 46, 0, ''),
('BXSUBTESTI20230331', 47, 0, ''),
('BXSUBTESTI20230331', 48, 0, ''),
('BXSUBTESTI20230331', 49, 0, ''),
('BXSUBTESTI20230331', 50, 0, ''),
('BXSUBTESTI20230331', 1, 0, ''),
('BXSUBTESTI20230331', 2, 0, ''),
('BXSUBTESTI20230331', 3, 0, ''),
('BXSUBTESTI20230331', 4, 0, ''),
('BXSUBTESTI20230331', 5, 0, ''),
('BXSUBTESTI20230331', 6, 0, ''),
('BXSUBTESTI20230331', 7, 0, ''),
('BXSUBTESTI20230331', 8, 0, ''),
('BXSUBTESTI20230331', 9, 0, ''),
('BXSUBTESTI20230331', 10, 0, ''),
('BXSUBTESTI20230331', 11, 0, ''),
('BXSUBTESTI20230331', 12, 0, ''),
('BXSUBTESTI20230331', 13, 0, ''),
('BXSUBTESTI20230331', 14, 0, ''),
('BXSUBTESTI20230331', 15, 0, ''),
('BXSUBTESTI20230331', 16, 0, ''),
('BXSUBTESTI20230331', 17, 0, ''),
('BXSUBTESTI20230331', 18, 0, ''),
('BXSUBTESTI20230331', 19, 0, ''),
('BXSUBTESTI20230331', 20, 0, ''),
('BXSUBTESTI20230331', 21, 0, ''),
('BXSUBTESTI20230331', 22, 0, ''),
('BXSUBTESTI20230331', 23, 0, ''),
('BXSUBTESTI20230331', 24, 0, ''),
('BXSUBTESTI20230331', 25, 0, ''),
('BXSUBTESTI20230331', 26, 0, ''),
('BXSUBTESTI20230331', 27, 0, ''),
('BXSUBTESTI20230331', 28, 0, ''),
('BXSUBTESTI20230331', 29, 0, ''),
('BXSUBTESTI20230331', 30, 0, ''),
('BXSUBTESTI20230331', 31, 0, ''),
('BXSUBTESTI20230331', 32, 0, ''),
('BXSUBTESTI20230331', 33, 0, ''),
('BXSUBTESTI20230331', 34, 0, ''),
('BXSUBTESTI20230331', 35, 0, ''),
('BXSUBTESTI20230331', 36, 0, ''),
('BXSUBTESTI20230331', 37, 0, ''),
('BXSUBTESTI20230331', 38, 0, ''),
('BXSUBTESTI20230331', 39, 0, ''),
('BXSUBTESTI20230331', 40, 0, ''),
('BXSUBTESTI20230331', 41, 0, ''),
('BXSUBTESTI20230331', 42, 0, ''),
('BXSUBTESTI20230331', 43, 0, ''),
('BXSUBTESTI20230331', 44, 0, ''),
('BXSUBTESTI20230331', 45, 0, ''),
('BXSUBTESTI20230331', 46, 0, ''),
('BXSUBTESTI20230331', 47, 0, ''),
('BXSUBTESTI20230331', 48, 0, ''),
('BXSUBTESTI20230331', 49, 0, ''),
('BXSUBTESTI20230331', 50, 0, ''),
('BXSUBTESTI20230331', 1, 0, ''),
('BXSUBTESTI20230331', 2, 0, ''),
('BXSUBTESTI20230331', 3, 0, ''),
('BXSUBTESTI20230331', 4, 0, ''),
('BXSUBTESTI20230331', 5, 0, ''),
('BXSUBTESTI20230331', 6, 0, ''),
('BXSUBTESTI20230331', 7, 0, ''),
('BXSUBTESTI20230331', 8, 0, ''),
('BXSUBTESTI20230331', 9, 0, ''),
('BXSUBTESTI20230331', 10, 0, ''),
('BXSUBTESTI20230331', 11, 0, ''),
('BXSUBTESTI20230331', 12, 0, ''),
('BXSUBTESTI20230331', 13, 0, ''),
('BXSUBTESTI20230331', 14, 0, ''),
('BXSUBTESTI20230331', 15, 0, ''),
('BXSUBTESTI20230331', 16, 0, ''),
('BXSUBTESTI20230331', 17, 0, ''),
('BXSUBTESTI20230331', 18, 0, ''),
('BXSUBTESTI20230331', 19, 0, ''),
('BXSUBTESTI20230331', 20, 0, ''),
('BXSUBTESTI20230331', 21, 0, ''),
('BXSUBTESTI20230331', 22, 0, ''),
('BXSUBTESTI20230331', 23, 0, ''),
('BXSUBTESTI20230331', 24, 0, ''),
('BXSUBTESTI20230331', 25, 0, ''),
('BXSUBTESTI20230331', 26, 0, ''),
('BXSUBTESTI20230331', 27, 0, ''),
('BXSUBTESTI20230331', 28, 0, ''),
('BXSUBTESTI20230331', 29, 0, ''),
('BXSUBTESTI20230331', 30, 0, ''),
('BXSUBTESTI20230331', 31, 0, ''),
('BXSUBTESTI20230331', 32, 0, ''),
('BXSUBTESTI20230331', 33, 0, ''),
('BXSUBTESTI20230331', 34, 0, ''),
('BXSUBTESTI20230331', 35, 0, ''),
('BXSUBTESTI20230331', 36, 0, ''),
('BXSUBTESTI20230331', 37, 0, ''),
('BXSUBTESTI20230331', 38, 0, ''),
('BXSUBTESTI20230331', 39, 0, ''),
('BXSUBTESTI20230331', 40, 0, ''),
('BXSUBTESTI20230331', 41, 0, ''),
('BXSUBTESTI20230331', 42, 0, ''),
('BXSUBTESTI20230331', 43, 0, ''),
('BXSUBTESTI20230331', 44, 0, ''),
('BXSUBTESTI20230331', 45, 0, ''),
('BXSUBTESTI20230331', 46, 0, ''),
('BXSUBTESTI20230331', 47, 0, ''),
('BXSUBTESTI20230331', 48, 0, ''),
('BXSUBTESTI20230331', 49, 0, ''),
('BXSUBTESTI20230331', 50, 0, ''),
('BXSUBTESTI20230331', 1, 0, ''),
('BXSUBTESTI20230331', 2, 0, ''),
('BXSUBTESTI20230331', 3, 0, ''),
('BXSUBTESTI20230331', 4, 0, ''),
('BXSUBTESTI20230331', 5, 0, ''),
('BXSUBTESTI20230331', 6, 0, ''),
('BXSUBTESTI20230331', 7, 0, ''),
('BXSUBTESTI20230331', 8, 0, ''),
('BXSUBTESTI20230331', 9, 0, ''),
('BXSUBTESTI20230331', 10, 0, ''),
('BXSUBTESTI20230331', 11, 0, ''),
('BXSUBTESTI20230331', 12, 0, ''),
('BXSUBTESTI20230331', 13, 0, ''),
('BXSUBTESTI20230331', 14, 0, ''),
('BXSUBTESTI20230331', 15, 0, ''),
('BXSUBTESTI20230331', 16, 0, ''),
('BXSUBTESTI20230331', 17, 0, ''),
('BXSUBTESTI20230331', 18, 0, ''),
('BXSUBTESTI20230331', 19, 0, ''),
('BXSUBTESTI20230331', 20, 0, ''),
('BXSUBTESTI20230331', 21, 0, ''),
('BXSUBTESTI20230331', 22, 0, ''),
('BXSUBTESTI20230331', 23, 0, ''),
('BXSUBTESTI20230331', 24, 0, ''),
('BXSUBTESTI20230331', 25, 0, ''),
('BXSUBTESTI20230331', 26, 0, ''),
('BXSUBTESTI20230331', 27, 0, ''),
('BXSUBTESTI20230331', 28, 0, ''),
('BXSUBTESTI20230331', 29, 0, ''),
('BXSUBTESTI20230331', 30, 0, ''),
('BXSUBTESTI20230331', 31, 0, ''),
('BXSUBTESTI20230331', 32, 0, ''),
('BXSUBTESTI20230331', 33, 0, ''),
('BXSUBTESTI20230331', 34, 0, ''),
('BXSUBTESTI20230331', 35, 0, ''),
('BXSUBTESTI20230331', 36, 0, ''),
('BXSUBTESTI20230331', 37, 0, ''),
('BXSUBTESTI20230331', 38, 0, ''),
('BXSUBTESTI20230331', 39, 0, ''),
('BXSUBTESTI20230331', 40, 0, ''),
('BXSUBTESTI20230331', 41, 0, ''),
('BXSUBTESTI20230331', 42, 0, ''),
('BXSUBTESTI20230331', 43, 0, ''),
('BXSUBTESTI20230331', 44, 0, ''),
('BXSUBTESTI20230331', 45, 0, ''),
('BXSUBTESTI20230331', 46, 0, ''),
('BXSUBTESTI20230331', 47, 0, ''),
('BXSUBTESTI20230331', 48, 0, ''),
('BXSUBTESTI20230331', 49, 0, ''),
('BXSUBTESTI20230331', 50, 0, ''),
('BXSUBMUHAM20230331', 1, 0, ''),
('BXSUBMUHAM20230331', 2, 0, ''),
('BXSUBMUHAM20230331', 3, 0, ''),
('BXSUBMUHAM20230331', 4, 0, ''),
('BXSUBMUHAM20230331', 5, 0, ''),
('BXSUBMUHAM20230331', 6, 0, ''),
('BXSUBMUHAM20230331', 7, 0, ''),
('BXSUBMUHAM20230331', 8, 0, ''),
('BXSUBMUHAM20230331', 9, 0, ''),
('BXSUBMUHAM20230331', 10, 0, ''),
('BXSUBMUHAM20230331', 11, 0, ''),
('BXSUBMUHAM20230331', 12, 0, ''),
('BXSUBMUHAM20230331', 13, 0, ''),
('BXSUBMUHAM20230331', 14, 0, ''),
('BXSUBMUHAM20230331', 15, 0, ''),
('BXSUBMUHAM20230331', 16, 0, ''),
('BXSUBMUHAM20230331', 17, 0, ''),
('BXSUBMUHAM20230331', 18, 0, ''),
('BXSUBMUHAM20230331', 19, 0, ''),
('BXSUBMUHAM20230331', 20, 0, ''),
('BXSUBMUHAM20230331', 21, 0, ''),
('BXSUBMUHAM20230331', 22, 0, ''),
('BXSUBMUHAM20230331', 23, 0, ''),
('BXSUBMUHAM20230331', 24, 0, ''),
('BXSUBMUHAM20230331', 25, 0, ''),
('BXSUBMUHAM20230331', 26, 0, ''),
('BXSUBMUHAM20230331', 27, 0, ''),
('BXSUBMUHAM20230331', 28, 0, ''),
('BXSUBMUHAM20230331', 29, 0, ''),
('BXSUBMUHAM20230331', 30, 0, ''),
('BXSUBMUHAM20230331', 31, 0, ''),
('BXSUBMUHAM20230331', 32, 0, ''),
('BXSUBMUHAM20230331', 33, 0, ''),
('BXSUBMUHAM20230331', 34, 0, ''),
('BXSUBMUHAM20230331', 35, 0, ''),
('BXSUBMUHAM20230331', 36, 0, ''),
('BXSUBMUHAM20230331', 37, 0, ''),
('BXSUBMUHAM20230331', 38, 0, ''),
('BXSUBMUHAM20230331', 39, 0, ''),
('BXSUBMUHAM20230331', 40, 0, ''),
('BXSUBMUHAM20230331', 41, 0, ''),
('BXSUBMUHAM20230331', 42, 0, ''),
('BXSUBMUHAM20230331', 43, 0, ''),
('BXSUBMUHAM20230331', 44, 0, ''),
('BXSUBMUHAM20230331', 45, 0, ''),
('BXSUBMUHAM20230331', 46, 0, ''),
('BXSUBMUHAM20230331', 47, 0, ''),
('BXSUBMUHAM20230331', 48, 0, ''),
('BXSUBMUHAM20230331', 49, 0, ''),
('BXSUBMUHAM20230331', 50, 0, ''),
('BXSUBOCHA20230331', 1, 0, ''),
('BXSUBOCHA20230331', 2, 0, ''),
('BXSUBOCHA20230331', 3, 0, ''),
('BXSUBOCHA20230331', 4, 0, ''),
('BXSUBOCHA20230331', 5, 0, ''),
('BXSUBOCHA20230331', 6, 0, ''),
('BXSUBOCHA20230331', 7, 0, ''),
('BXSUBOCHA20230331', 8, 0, ''),
('BXSUBOCHA20230331', 9, 0, ''),
('BXSUBOCHA20230331', 10, 0, ''),
('BXSUBOCHA20230331', 11, 0, ''),
('BXSUBOCHA20230331', 12, 0, ''),
('BXSUBOCHA20230331', 13, 0, ''),
('BXSUBOCHA20230331', 14, 0, ''),
('BXSUBOCHA20230331', 15, 0, ''),
('BXSUBOCHA20230331', 16, 0, ''),
('BXSUBOCHA20230331', 17, 0, ''),
('BXSUBOCHA20230331', 18, 0, ''),
('BXSUBOCHA20230331', 19, 0, ''),
('BXSUBOCHA20230331', 20, 0, ''),
('BXSUBOCHA20230331', 21, 0, ''),
('BXSUBOCHA20230331', 22, 0, ''),
('BXSUBOCHA20230331', 23, 0, ''),
('BXSUBOCHA20230331', 24, 0, ''),
('BXSUBOCHA20230331', 25, 0, ''),
('BXSUBOCHA20230331', 26, 0, ''),
('BXSUBOCHA20230331', 27, 0, ''),
('BXSUBOCHA20230331', 28, 0, ''),
('BXSUBOCHA20230331', 29, 0, ''),
('BXSUBOCHA20230331', 30, 0, ''),
('BXSUBOCHA20230331', 31, 0, ''),
('BXSUBOCHA20230331', 32, 0, ''),
('BXSUBOCHA20230331', 33, 0, ''),
('BXSUBOCHA20230331', 34, 0, ''),
('BXSUBOCHA20230331', 35, 0, ''),
('BXSUBOCHA20230331', 36, 0, ''),
('BXSUBOCHA20230331', 37, 0, ''),
('BXSUBOCHA20230331', 38, 0, ''),
('BXSUBOCHA20230331', 39, 0, ''),
('BXSUBOCHA20230331', 40, 0, ''),
('BXSUBOCHA20230331', 41, 0, ''),
('BXSUBOCHA20230331', 42, 0, ''),
('BXSUBOCHA20230331', 43, 0, ''),
('BXSUBOCHA20230331', 44, 0, ''),
('BXSUBOCHA20230331', 45, 0, ''),
('BXSUBOCHA20230331', 46, 0, ''),
('BXSUBOCHA20230331', 47, 0, ''),
('BXSUBOCHA20230331', 48, 0, ''),
('BXSUBOCHA20230331', 49, 0, ''),
('BXSUBOCHA20230331', 50, 0, ''),
('BXSUBOCHA20230331', 1, 0, ''),
('BXSUBOCHA20230331', 2, 0, ''),
('BXSUBOCHA20230331', 3, 0, ''),
('BXSUBOCHA20230331', 4, 0, ''),
('BXSUBOCHA20230331', 5, 0, ''),
('BXSUBOCHA20230331', 6, 0, ''),
('BXSUBOCHA20230331', 7, 0, ''),
('BXSUBOCHA20230331', 8, 0, ''),
('BXSUBOCHA20230331', 9, 0, ''),
('BXSUBOCHA20230331', 10, 0, ''),
('BXSUBOCHA20230331', 11, 0, ''),
('BXSUBOCHA20230331', 12, 0, ''),
('BXSUBOCHA20230331', 13, 0, ''),
('BXSUBOCHA20230331', 14, 0, ''),
('BXSUBOCHA20230331', 15, 0, ''),
('BXSUBOCHA20230331', 16, 0, ''),
('BXSUBOCHA20230331', 17, 0, ''),
('BXSUBOCHA20230331', 18, 0, ''),
('BXSUBOCHA20230331', 19, 0, ''),
('BXSUBOCHA20230331', 20, 0, ''),
('BXSUBOCHA20230331', 21, 0, ''),
('BXSUBOCHA20230331', 22, 0, ''),
('BXSUBOCHA20230331', 23, 0, ''),
('BXSUBOCHA20230331', 24, 0, ''),
('BXSUBOCHA20230331', 25, 0, ''),
('BXSUBOCHA20230331', 26, 0, ''),
('BXSUBOCHA20230331', 27, 0, ''),
('BXSUBOCHA20230331', 28, 0, ''),
('BXSUBOCHA20230331', 29, 0, ''),
('BXSUBOCHA20230331', 30, 0, ''),
('BXSUBOCHA20230331', 31, 0, ''),
('BXSUBOCHA20230331', 32, 0, ''),
('BXSUBOCHA20230331', 33, 0, ''),
('BXSUBOCHA20230331', 34, 0, ''),
('BXSUBOCHA20230331', 35, 0, ''),
('BXSUBOCHA20230331', 36, 0, ''),
('BXSUBOCHA20230331', 37, 0, ''),
('BXSUBOCHA20230331', 38, 0, ''),
('BXSUBOCHA20230331', 39, 0, ''),
('BXSUBOCHA20230331', 40, 0, ''),
('BXSUBOCHA20230331', 41, 0, ''),
('BXSUBOCHA20230331', 42, 0, ''),
('BXSUBOCHA20230331', 43, 0, ''),
('BXSUBOCHA20230331', 44, 0, ''),
('BXSUBOCHA20230331', 45, 0, ''),
('BXSUBOCHA20230331', 46, 0, ''),
('BXSUBOCHA20230331', 47, 0, ''),
('BXSUBOCHA20230331', 48, 0, ''),
('BXSUBOCHA20230331', 49, 0, ''),
('BXSUBOCHA20230331', 50, 0, ''),
('BXSUBPT-TE20230331', 1, 4, ''),
('BXSUBPT-TE20230331', 2, 1, ''),
('BXSUBPT-TE20230331', 3, 0, ''),
('BXSUBPT-TE20230331', 4, 1, ''),
('BXSUBPT-TE20230331', 5, 1, ''),
('BXSUBPT-TE20230331', 6, 1, ''),
('BXSUBPT-TE20230331', 7, 1, ''),
('BXSUBPT-TE20230331', 8, 1, ''),
('BXSUBPT-TE20230331', 9, 1, ''),
('BXSUBPT-TE20230331', 10, 0, ''),
('BXSUBPT-TE20230331', 11, 1, ''),
('BXSUBPT-TE20230331', 12, 1, ''),
('BXSUBPT-TE20230331', 13, 1, ''),
('BXSUBPT-TE20230331', 14, 1, ''),
('BXSUBPT-TE20230331', 15, 1, ''),
('BXSUBPT-TE20230331', 16, 1, ''),
('BXSUBPT-TE20230331', 17, 1, ''),
('BXSUBPT-TE20230331', 18, 1, ''),
('BXSUBPT-TE20230331', 19, 1, ''),
('BXSUBPT-TE20230331', 20, 1, ''),
('BXSUBPT-TE20230331', 21, 1, ''),
('BXSUBPT-TE20230331', 22, 1, ''),
('BXSUBPT-TE20230331', 23, 1, ''),
('BXSUBPT-TE20230331', 24, 1, ''),
('BXSUBPT-TE20230331', 25, 1, ''),
('BXSUBPT-TE20230331', 26, 1, ''),
('BXSUBPT-TE20230331', 27, 1, ''),
('BXSUBPT-TE20230331', 28, 1, ''),
('BXSUBPT-TE20230331', 29, 1, ''),
('BXSUBPT-TE20230331', 30, 1, ''),
('BXSUBPT-TE20230331', 31, 0, ''),
('BXSUBPT-TE20230331', 32, 1, ''),
('BXSUBPT-TE20230331', 33, 1, ''),
('BXSUBPT-TE20230331', 34, 1, ''),
('BXSUBPT-TE20230331', 35, 1, ''),
('BXSUBPT-TE20230331', 36, 1, ''),
('BXSUBPT-TE20230331', 37, 1, ''),
('BXSUBPT-TE20230331', 38, 1, ''),
('BXSUBPT-TE20230331', 39, 1, ''),
('BXSUBPT-TE20230331', 40, 1, ''),
('BXSUBPT-TE20230331', 41, 1, ''),
('BXSUBPT-TE20230331', 42, 1, ''),
('BXSUBPT-TE20230331', 43, 1, ''),
('BXSUBPT-TE20230331', 44, 1, ''),
('BXSUBPT-TE20230331', 45, 1, ''),
('BXSUBPT-TE20230331', 46, 0, ''),
('BXSUBPT-TE20230331', 47, 1, ''),
('BXSUBPT-TE20230331', 48, 1, ''),
('BXSUBPT-TE20230331', 49, 1, ''),
('BXSUBPT-TE20230331', 50, 1, ''),
('BXSUBPT-TE20230401', 1, 0, ''),
('BXSUBPT-TE20230401', 2, 3, ''),
('BXSUBPT-TE20230401', 3, 0, ''),
('BXSUBPT-TE20230401', 4, 3, ''),
('BXSUBPT-TE20230401', 5, 0, ''),
('BXSUBPT-TE20230401', 6, 0, ''),
('BXSUBPT-TE20230401', 7, 0, ''),
('BXSUBPT-TE20230401', 8, 0, ''),
('BXSUBPT-TE20230401', 9, 0, ''),
('BXSUBPT-TE20230401', 10, 0, ''),
('BXSUBPT-TE20230401', 11, 0, ''),
('BXSUBPT-TE20230401', 12, 0, ''),
('BXSUBPT-TE20230401', 13, 0, ''),
('BXSUBPT-TE20230401', 14, 0, ''),
('BXSUBPT-TE20230401', 15, 0, ''),
('BXSUBPT-TE20230401', 16, 0, ''),
('BXSUBPT-TE20230401', 17, 0, ''),
('BXSUBPT-TE20230401', 18, 0, ''),
('BXSUBPT-TE20230401', 19, 0, ''),
('BXSUBPT-TE20230401', 20, 0, ''),
('BXSUBPT-TE20230401', 21, 0, ''),
('BXSUBPT-TE20230401', 22, 0, ''),
('BXSUBPT-TE20230401', 23, 0, ''),
('BXSUBPT-TE20230401', 24, 0, ''),
('BXSUBPT-TE20230401', 25, 0, ''),
('BXSUBPT-TE20230401', 26, 0, ''),
('BXSUBPT-TE20230401', 27, 0, ''),
('BXSUBPT-TE20230401', 28, 0, ''),
('BXSUBPT-TE20230401', 29, 0, ''),
('BXSUBPT-TE20230401', 30, 0, ''),
('BXSUBPT-TE20230401', 31, 0, ''),
('BXSUBPT-TE20230401', 32, 0, ''),
('BXSUBPT-TE20230401', 33, 0, ''),
('BXSUBPT-TE20230401', 34, 0, ''),
('BXSUBPT-TE20230401', 35, 0, ''),
('BXSUBPT-TE20230401', 36, 0, ''),
('BXSUBPT-TE20230401', 37, 0, ''),
('BXSUBPT-TE20230401', 38, 0, ''),
('BXSUBPT-TE20230401', 39, 0, ''),
('BXSUBPT-TE20230401', 40, 0, ''),
('BXSUBPT-TE20230401', 41, 0, ''),
('BXSUBPT-TE20230401', 42, 0, ''),
('BXSUBPT-TE20230401', 43, 0, ''),
('BXSUBPT-TE20230401', 44, 0, ''),
('BXSUBPT-TE20230401', 45, 0, ''),
('BXSUBPT-TE20230401', 46, 0, ''),
('BXSUBPT-TE20230401', 47, 0, ''),
('BXSUBPT-TE20230401', 48, 0, ''),
('BXSUBPT-TE20230401', 49, 0, ''),
('BXSUBPT-TE20230401', 50, 0, ''),
('BXSUBBIRU-20230416', 1, 0, ''),
('BXSUBBIRU-20230416', 2, 0, ''),
('BXSUBBIRU-20230416', 3, 0, ''),
('BXSUBBIRU-20230416', 4, 0, ''),
('BXSUBBIRU-20230416', 5, 0, ''),
('BXSUBBIRU-20230416', 6, 0, ''),
('BXSUBBIRU-20230416', 7, 0, ''),
('BXSUBBIRU-20230416', 8, 0, ''),
('BXSUBBIRU-20230416', 9, 0, ''),
('BXSUBBIRU-20230416', 10, 0, ''),
('BXSUBBIRU-20230416', 11, 0, ''),
('BXSUBBIRU-20230416', 12, 0, ''),
('BXSUBBIRU-20230416', 13, 0, ''),
('BXSUBBIRU-20230416', 14, 0, ''),
('BXSUBBIRU-20230416', 15, 0, ''),
('BXSUBBIRU-20230416', 16, 0, ''),
('BXSUBBIRU-20230416', 17, 0, ''),
('BXSUBBIRU-20230416', 18, 0, ''),
('BXSUBBIRU-20230416', 19, 0, ''),
('BXSUBBIRU-20230416', 20, 0, ''),
('BXSUBBIRU-20230416', 21, 0, ''),
('BXSUBBIRU-20230416', 22, 0, ''),
('BXSUBBIRU-20230416', 23, 0, ''),
('BXSUBBIRU-20230416', 24, 0, ''),
('BXSUBBIRU-20230416', 25, 0, ''),
('BXSUBBIRU-20230416', 26, 0, ''),
('BXSUBBIRU-20230416', 27, 0, ''),
('BXSUBBIRU-20230416', 28, 0, ''),
('BXSUBBIRU-20230416', 29, 0, ''),
('BXSUBBIRU-20230416', 30, 0, ''),
('BXSUBBIRU-20230416', 31, 0, ''),
('BXSUBBIRU-20230416', 32, 0, ''),
('BXSUBBIRU-20230416', 33, 0, ''),
('BXSUBBIRU-20230416', 34, 0, ''),
('BXSUBBIRU-20230416', 35, 0, ''),
('BXSUBBIRU-20230416', 36, 0, ''),
('BXSUBBIRU-20230416', 37, 0, ''),
('BXSUBBIRU-20230416', 38, 0, ''),
('BXSUBBIRU-20230416', 39, 0, ''),
('BXSUBBIRU-20230416', 40, 0, ''),
('BXSUBBIRU-20230416', 41, 0, ''),
('BXSUBBIRU-20230416', 42, 0, ''),
('BXSUBBIRU-20230416', 43, 0, ''),
('BXSUBBIRU-20230416', 44, 0, ''),
('BXSUBBIRU-20230416', 45, 0, ''),
('BXSUBBIRU-20230416', 46, 0, ''),
('BXSUBBIRU-20230416', 47, 0, ''),
('BXSUBBIRU-20230416', 48, 0, ''),
('BXSUBBIRU-20230416', 49, 0, ''),
('BXSUBBIRU-20230416', 50, 0, ''),
('BXSUBPT-IK20230425', 1, 0, ''),
('BXSUBPT-IK20230425', 2, 1, ''),
('BXSUBPT-IK20230425', 3, 0, ''),
('BXSUBPT-IK20230425', 4, 0, ''),
('BXSUBPT-IK20230425', 5, 0, ''),
('BXSUBPT-IK20230425', 6, 0, ''),
('BXSUBPT-IK20230425', 7, 0, ''),
('BXSUBPT-IK20230425', 8, 0, ''),
('BXSUBPT-IK20230425', 9, 0, ''),
('BXSUBPT-IK20230425', 10, 0, ''),
('BXSUBPT-IK20230425', 11, 0, ''),
('BXSUBPT-IK20230425', 12, 0, ''),
('BXSUBPT-IK20230425', 13, 0, ''),
('BXSUBPT-IK20230425', 14, 0, ''),
('BXSUBPT-IK20230425', 15, 0, ''),
('BXSUBPT-IK20230425', 16, 0, ''),
('BXSUBPT-IK20230425', 17, 0, ''),
('BXSUBPT-IK20230425', 18, 0, ''),
('BXSUBPT-IK20230425', 19, 0, ''),
('BXSUBPT-IK20230425', 20, 0, ''),
('BXSUBPT-IK20230425', 21, 0, ''),
('BXSUBPT-IK20230425', 22, 0, ''),
('BXSUBPT-IK20230425', 23, 0, ''),
('BXSUBPT-IK20230425', 24, 0, ''),
('BXSUBPT-IK20230425', 25, 0, ''),
('BXSUBPT-IK20230425', 26, 0, ''),
('BXSUBPT-IK20230425', 27, 0, ''),
('BXSUBPT-IK20230425', 28, 0, ''),
('BXSUBPT-IK20230425', 29, 0, ''),
('BXSUBPT-IK20230425', 30, 0, ''),
('BXSUBPT-IK20230425', 31, 0, ''),
('BXSUBPT-IK20230425', 32, 0, ''),
('BXSUBPT-IK20230425', 33, 0, ''),
('BXSUBPT-IK20230425', 34, 0, ''),
('BXSUBPT-IK20230425', 35, 0, ''),
('BXSUBPT-IK20230425', 36, 0, ''),
('BXSUBPT-IK20230425', 37, 0, ''),
('BXSUBPT-IK20230425', 38, 0, ''),
('BXSUBPT-IK20230425', 39, 0, ''),
('BXSUBPT-IK20230425', 40, 0, ''),
('BXSUBPT-IK20230425', 41, 0, ''),
('BXSUBPT-IK20230425', 42, 0, ''),
('BXSUBPT-IK20230425', 43, 0, ''),
('BXSUBPT-IK20230425', 44, 0, ''),
('BXSUBPT-IK20230425', 45, 0, ''),
('BXSUBPT-IK20230425', 46, 0, ''),
('BXSUBPT-IK20230425', 47, 0, ''),
('BXSUBPT-IK20230425', 48, 0, ''),
('BXSUBPT-IK20230425', 49, 0, ''),
('BXSUBPT-IK20230425', 50, 0, ''),
('BXSUBPT-IK20230426', 1, 3, ''),
('BXSUBPT-IK20230426', 2, 3, ''),
('BXSUBPT-IK20230426', 3, 3, ''),
('BXSUBPT-IK20230426', 4, 3, ''),
('BXSUBPT-IK20230426', 5, 3, ''),
('BXSUBPT-IK20230426', 6, 3, ''),
('BXSUBPT-IK20230426', 7, 3, ''),
('BXSUBPT-IK20230426', 8, 3, ''),
('BXSUBPT-IK20230426', 9, 3, ''),
('BXSUBPT-IK20230426', 10, 3, ''),
('BXSUBPT-IK20230426', 11, 3, ''),
('BXSUBPT-IK20230426', 12, 3, ''),
('BXSUBPT-IK20230426', 13, 3, ''),
('BXSUBPT-IK20230426', 14, 3, ''),
('BXSUBPT-IK20230426', 15, 3, ''),
('BXSUBPT-IK20230426', 16, 3, ''),
('BXSUBPT-IK20230426', 17, 3, ''),
('BXSUBPT-IK20230426', 18, 3, ''),
('BXSUBPT-IK20230426', 19, 3, ''),
('BXSUBPT-IK20230426', 20, 3, ''),
('BXSUBPT-IK20230426', 21, 3, ''),
('BXSUBPT-IK20230426', 22, 3, ''),
('BXSUBPT-IK20230426', 23, 3, ''),
('BXSUBPT-IK20230426', 24, 3, ''),
('BXSUBPT-IK20230426', 25, 3, ''),
('BXSUBPT-IK20230426', 26, 3, ''),
('BXSUBPT-IK20230426', 27, 3, ''),
('BXSUBPT-IK20230426', 28, 3, ''),
('BXSUBPT-IK20230426', 29, 3, ''),
('BXSUBPT-IK20230426', 30, 3, ''),
('BXSUBPT-IK20230426', 31, 3, ''),
('BXSUBPT-IK20230426', 32, 3, ''),
('BXSUBPT-IK20230426', 33, 3, ''),
('BXSUBPT-IK20230426', 34, 3, ''),
('BXSUBPT-IK20230426', 35, 3, ''),
('BXSUBPT-IK20230426', 36, 3, ''),
('BXSUBPT-IK20230426', 37, 3, ''),
('BXSUBPT-IK20230426', 38, 3, ''),
('BXSUBPT-IK20230426', 39, 3, ''),
('BXSUBPT-IK20230426', 40, 3, ''),
('BXSUBPT-IK20230426', 41, 1, ''),
('BXSUBPT-IK20230426', 42, 1, ''),
('BXSUBPT-IK20230426', 43, 1, ''),
('BXSUBPT-IK20230426', 44, 1, ''),
('BXSUBPT-IK20230426', 45, 4, 'testing'),
('BXSUBPT-IK20230426', 46, 1, ''),
('BXSUBPT-IK20230426', 47, 1, ''),
('BXSUBPT-IK20230426', 48, 1, ''),
('BXSUBPT-IK20230426', 49, 1, ''),
('BXSUBPT-IK20230426', 50, 1, ''),
('BXSUBPT-IN20230426', 1, 0, ''),
('BXSUBPT-IN20230426', 2, 0, ''),
('BXSUBPT-IN20230426', 3, 0, ''),
('BXSUBPT-IN20230426', 4, 0, ''),
('BXSUBPT-IN20230426', 5, 0, ''),
('BXSUBPT-IN20230426', 6, 0, ''),
('BXSUBPT-IN20230426', 7, 0, ''),
('BXSUBPT-IN20230426', 8, 0, ''),
('BXSUBPT-IN20230426', 9, 0, ''),
('BXSUBPT-IN20230426', 10, 0, ''),
('BXSUBPT-IN20230426', 11, 0, ''),
('BXSUBPT-IN20230426', 12, 0, ''),
('BXSUBPT-IN20230426', 13, 0, ''),
('BXSUBPT-IN20230426', 14, 0, ''),
('BXSUBPT-IN20230426', 15, 0, ''),
('BXSUBPT-IN20230426', 16, 0, ''),
('BXSUBPT-IN20230426', 17, 0, ''),
('BXSUBPT-IN20230426', 18, 0, ''),
('BXSUBPT-IN20230426', 19, 0, ''),
('BXSUBPT-IN20230426', 20, 0, ''),
('BXSUBPT-IN20230426', 21, 0, ''),
('BXSUBPT-IN20230426', 22, 0, ''),
('BXSUBPT-IN20230426', 23, 0, ''),
('BXSUBPT-IN20230426', 24, 0, ''),
('BXSUBPT-IN20230426', 25, 0, ''),
('BXSUBPT-IN20230426', 26, 0, ''),
('BXSUBPT-IN20230426', 27, 0, ''),
('BXSUBPT-IN20230426', 28, 0, ''),
('BXSUBPT-IN20230426', 29, 0, ''),
('BXSUBPT-IN20230426', 30, 0, ''),
('BXSUBPT-IN20230426', 31, 0, ''),
('BXSUBPT-IN20230426', 32, 0, ''),
('BXSUBPT-IN20230426', 33, 0, ''),
('BXSUBPT-IN20230426', 34, 0, ''),
('BXSUBPT-IN20230426', 35, 0, ''),
('BXSUBPT-IN20230426', 36, 0, ''),
('BXSUBPT-IN20230426', 37, 0, ''),
('BXSUBPT-IN20230426', 38, 0, ''),
('BXSUBPT-IN20230426', 39, 0, ''),
('BXSUBPT-IN20230426', 40, 0, ''),
('BXSUBPT-IN20230426', 41, 0, ''),
('BXSUBPT-IN20230426', 42, 0, ''),
('BXSUBPT-IN20230426', 43, 0, ''),
('BXSUBPT-IN20230426', 44, 0, ''),
('BXSUBPT-IN20230426', 45, 0, ''),
('BXSUBPT-IN20230426', 46, 0, ''),
('BXSUBPT-IN20230426', 47, 0, ''),
('BXSUBPT-IN20230426', 48, 0, ''),
('BXSUBPT-IN20230426', 49, 0, ''),
('BXSUBPT-IN20230426', 50, 0, ''),
('BXSUBCERTI20230504', 1, 3, ''),
('BXSUBCERTI20230504', 2, 4, ''),
('BXSUBCERTI20230504', 3, 0, ''),
('BXSUBCERTI20230504', 4, 0, ''),
('BXSUBCERTI20230504', 5, 0, ''),
('BXSUBCERTI20230504', 6, 0, ''),
('BXSUBCERTI20230504', 7, 0, ''),
('BXSUBCERTI20230504', 8, 0, ''),
('BXSUBCERTI20230504', 9, 0, ''),
('BXSUBCERTI20230504', 10, 0, ''),
('BXSUBCERTI20230504', 11, 0, ''),
('BXSUBCERTI20230504', 12, 0, ''),
('BXSUBCERTI20230504', 13, 0, ''),
('BXSUBCERTI20230504', 14, 0, ''),
('BXSUBCERTI20230504', 15, 0, ''),
('BXSUBCERTI20230504', 16, 0, ''),
('BXSUBCERTI20230504', 17, 0, ''),
('BXSUBCERTI20230504', 18, 0, ''),
('BXSUBCERTI20230504', 19, 0, ''),
('BXSUBCERTI20230504', 20, 0, ''),
('BXSUBCERTI20230504', 21, 0, ''),
('BXSUBCERTI20230504', 22, 0, ''),
('BXSUBCERTI20230504', 23, 0, ''),
('BXSUBCERTI20230504', 24, 0, ''),
('BXSUBCERTI20230504', 25, 0, ''),
('BXSUBCERTI20230504', 26, 0, ''),
('BXSUBCERTI20230504', 27, 0, ''),
('BXSUBCERTI20230504', 28, 0, ''),
('BXSUBCERTI20230504', 29, 0, ''),
('BXSUBCERTI20230504', 30, 0, ''),
('BXSUBCERTI20230504', 31, 0, ''),
('BXSUBCERTI20230504', 32, 0, ''),
('BXSUBCERTI20230504', 33, 0, ''),
('BXSUBCERTI20230504', 34, 0, ''),
('BXSUBCERTI20230504', 35, 0, ''),
('BXSUBCERTI20230504', 36, 0, ''),
('BXSUBCERTI20230504', 37, 0, ''),
('BXSUBCERTI20230504', 38, 0, ''),
('BXSUBCERTI20230504', 39, 0, ''),
('BXSUBCERTI20230504', 40, 0, ''),
('BXSUBCERTI20230504', 41, 0, ''),
('BXSUBCERTI20230504', 42, 0, ''),
('BXSUBCERTI20230504', 43, 0, ''),
('BXSUBCERTI20230504', 44, 0, ''),
('BXSUBCERTI20230504', 45, 0, ''),
('BXSUBCERTI20230504', 46, 0, ''),
('BXSUBCERTI20230504', 47, 0, ''),
('BXSUBCERTI20230504', 48, 0, ''),
('BXSUBCERTI20230504', 49, 0, ''),
('BXSUBCERTI20230504', 50, 0, ''),
('BXSUBPT-IN20230505', 1, 3, ''),
('BXSUBPT-IN20230505', 2, 4, ''),
('BXSUBPT-IN20230505', 3, 0, ''),
('BXSUBPT-IN20230505', 4, 0, ''),
('BXSUBPT-IN20230505', 5, 0, ''),
('BXSUBPT-IN20230505', 6, 0, ''),
('BXSUBPT-IN20230505', 7, 0, ''),
('BXSUBPT-IN20230505', 8, 0, ''),
('BXSUBPT-IN20230505', 9, 0, ''),
('BXSUBPT-IN20230505', 10, 0, ''),
('BXSUBPT-IN20230505', 11, 0, ''),
('BXSUBPT-IN20230505', 12, 0, ''),
('BXSUBPT-IN20230505', 13, 0, ''),
('BXSUBPT-IN20230505', 14, 0, ''),
('BXSUBPT-IN20230505', 15, 0, ''),
('BXSUBPT-IN20230505', 16, 0, ''),
('BXSUBPT-IN20230505', 17, 0, ''),
('BXSUBPT-IN20230505', 18, 0, ''),
('BXSUBPT-IN20230505', 19, 0, ''),
('BXSUBPT-IN20230505', 20, 0, ''),
('BXSUBPT-IN20230505', 21, 0, ''),
('BXSUBPT-IN20230505', 22, 0, ''),
('BXSUBPT-IN20230505', 23, 0, ''),
('BXSUBPT-IN20230505', 24, 0, ''),
('BXSUBPT-IN20230505', 25, 0, ''),
('BXSUBPT-IN20230505', 26, 0, ''),
('BXSUBPT-IN20230505', 27, 0, ''),
('BXSUBPT-IN20230505', 28, 0, ''),
('BXSUBPT-IN20230505', 29, 0, ''),
('BXSUBPT-IN20230505', 30, 0, ''),
('BXSUBPT-IN20230505', 31, 0, ''),
('BXSUBPT-IN20230505', 32, 0, ''),
('BXSUBPT-IN20230505', 33, 0, ''),
('BXSUBPT-IN20230505', 34, 0, ''),
('BXSUBPT-IN20230505', 35, 0, ''),
('BXSUBPT-IN20230505', 36, 0, ''),
('BXSUBPT-IN20230505', 37, 0, ''),
('BXSUBPT-IN20230505', 38, 0, ''),
('BXSUBPT-IN20230505', 39, 0, ''),
('BXSUBPT-IN20230505', 40, 0, ''),
('BXSUBPT-IN20230505', 41, 0, ''),
('BXSUBPT-IN20230505', 42, 0, ''),
('BXSUBPT-IN20230505', 43, 0, ''),
('BXSUBPT-IN20230505', 44, 0, ''),
('BXSUBPT-IN20230505', 45, 0, ''),
('BXSUBPT-IN20230505', 46, 0, ''),
('BXSUBPT-IN20230505', 47, 0, ''),
('BXSUBPT-IN20230505', 48, 0, ''),
('BXSUBPT-IN20230505', 49, 0, ''),
('BXSUBPT-IN20230505', 50, 0, ''),
('BXSUBPT-IN20230508', 1, 0, ''),
('BXSUBPT-IN20230508', 2, 0, ''),
('BXSUBPT-IN20230508', 3, 0, ''),
('BXSUBPT-IN20230508', 4, 0, ''),
('BXSUBPT-IN20230508', 5, 0, ''),
('BXSUBPT-IN20230508', 6, 0, ''),
('BXSUBPT-IN20230508', 7, 0, ''),
('BXSUBPT-IN20230508', 8, 0, ''),
('BXSUBPT-IN20230508', 9, 0, ''),
('BXSUBPT-IN20230508', 10, 0, ''),
('BXSUBPT-IN20230508', 11, 0, ''),
('BXSUBPT-IN20230508', 12, 0, ''),
('BXSUBPT-IN20230508', 13, 0, ''),
('BXSUBPT-IN20230508', 14, 0, ''),
('BXSUBPT-IN20230508', 15, 0, ''),
('BXSUBPT-IN20230508', 16, 0, ''),
('BXSUBPT-IN20230508', 17, 0, ''),
('BXSUBPT-IN20230508', 18, 0, ''),
('BXSUBPT-IN20230508', 19, 0, ''),
('BXSUBPT-IN20230508', 20, 0, ''),
('BXSUBPT-IN20230508', 21, 0, ''),
('BXSUBPT-IN20230508', 22, 0, ''),
('BXSUBPT-IN20230508', 23, 0, ''),
('BXSUBPT-IN20230508', 24, 0, ''),
('BXSUBPT-IN20230508', 25, 0, ''),
('BXSUBPT-IN20230508', 26, 0, ''),
('BXSUBPT-IN20230508', 27, 0, ''),
('BXSUBPT-IN20230508', 28, 0, ''),
('BXSUBPT-IN20230508', 29, 0, ''),
('BXSUBPT-IN20230508', 30, 0, ''),
('BXSUBPT-IN20230508', 31, 0, ''),
('BXSUBPT-IN20230508', 32, 0, ''),
('BXSUBPT-IN20230508', 33, 0, ''),
('BXSUBPT-IN20230508', 34, 0, ''),
('BXSUBPT-IN20230508', 35, 0, ''),
('BXSUBPT-IN20230508', 36, 0, ''),
('BXSUBPT-IN20230508', 37, 0, ''),
('BXSUBPT-IN20230508', 38, 0, ''),
('BXSUBPT-IN20230508', 39, 0, ''),
('BXSUBPT-IN20230508', 40, 0, ''),
('BXSUBPT-IN20230508', 41, 0, ''),
('BXSUBPT-IN20230508', 42, 0, ''),
('BXSUBPT-IN20230508', 43, 0, ''),
('BXSUBPT-IN20230508', 44, 0, ''),
('BXSUBPT-IN20230508', 45, 0, ''),
('BXSUBPT-IN20230508', 46, 0, ''),
('BXSUBPT-IN20230508', 47, 0, ''),
('BXSUBPT-IN20230508', 48, 0, ''),
('BXSUBPT-IN20230508', 49, 0, ''),
('BXSUBPT-IN20230508', 50, 0, ''),
('BXSUBPT-BI20230714', 1, 0, ''),
('BXSUBPT-BI20230714', 2, 0, ''),
('BXSUBPT-BI20230714', 3, 0, ''),
('BXSUBPT-BI20230714', 4, 0, ''),
('BXSUBPT-BI20230714', 5, 0, ''),
('BXSUBPT-BI20230714', 6, 0, ''),
('BXSUBPT-BI20230714', 7, 0, ''),
('BXSUBPT-BI20230714', 8, 0, ''),
('BXSUBPT-BI20230714', 9, 0, ''),
('BXSUBPT-BI20230714', 10, 0, ''),
('BXSUBPT-BI20230714', 11, 0, ''),
('BXSUBPT-BI20230714', 12, 0, ''),
('BXSUBPT-BI20230714', 13, 0, ''),
('BXSUBPT-BI20230714', 14, 0, ''),
('BXSUBPT-BI20230714', 15, 0, ''),
('BXSUBPT-BI20230714', 16, 0, ''),
('BXSUBPT-BI20230714', 17, 0, ''),
('BXSUBPT-BI20230714', 18, 0, ''),
('BXSUBPT-BI20230714', 19, 0, ''),
('BXSUBPT-BI20230714', 20, 0, ''),
('BXSUBPT-BI20230714', 21, 0, ''),
('BXSUBPT-BI20230714', 22, 0, ''),
('BXSUBPT-BI20230714', 23, 0, ''),
('BXSUBPT-BI20230714', 24, 0, ''),
('BXSUBPT-BI20230714', 25, 0, ''),
('BXSUBPT-BI20230714', 26, 0, ''),
('BXSUBPT-BI20230714', 27, 0, ''),
('BXSUBPT-BI20230714', 28, 0, ''),
('BXSUBPT-BI20230714', 29, 0, ''),
('BXSUBPT-BI20230714', 30, 0, ''),
('BXSUBPT-BI20230714', 31, 0, ''),
('BXSUBPT-BI20230714', 32, 0, ''),
('BXSUBPT-BI20230714', 33, 0, ''),
('BXSUBPT-BI20230714', 34, 0, ''),
('BXSUBPT-BI20230714', 35, 0, ''),
('BXSUBPT-BI20230714', 36, 0, ''),
('BXSUBPT-BI20230714', 37, 0, ''),
('BXSUBPT-BI20230714', 38, 0, ''),
('BXSUBPT-BI20230714', 39, 0, ''),
('BXSUBPT-BI20230714', 40, 0, ''),
('BXSUBPT-BI20230714', 41, 0, ''),
('BXSUBPT-BI20230714', 42, 0, ''),
('BXSUBPT-BI20230714', 43, 0, ''),
('BXSUBPT-BI20230714', 44, 0, ''),
('BXSUBPT-BI20230714', 45, 0, ''),
('BXSUBPT-BI20230714', 46, 0, ''),
('BXSUBPT-BI20230714', 47, 0, ''),
('BXSUBPT-BI20230714', 48, 0, ''),
('BXSUBPT-BI20230714', 49, 0, ''),
('BXSUBPT-BI20230714', 50, 0, '');

-- --------------------------------------------------------

--
-- Table structure for table `submission_status`
--

CREATE TABLE `submission_status` (
  `id_submission_status` int NOT NULL,
  `submission_name` varchar(128) CHARACTER SET utf8mb4 COLLATE utf8mb4_bin NOT NULL,
  `color` varchar(128) CHARACTER SET utf8mb4 COLLATE utf8mb4_bin NOT NULL
) ENGINE=InnoDB DEFAULT CHARSET=utf8mb4 COLLATE=utf8mb4_bin;

--
-- Dumping data for table `submission_status`
--

INSERT INTO `submission_status` (`id_submission_status`, `submission_name`, `color`) VALUES
(1, 'Pending Payment', 'warning'),
(2, 'Document Submission', 'info'),
(3, 'On Verification Process', 'primary'),
(4, 'Document Submission (Second Attempt)', 'warning'),
(5, 'Certified', 'success'),
(6, 'Payment Succesfull', 'success'),
(7, 'Continue To Location Survey', 'light');

-- --------------------------------------------------------

--
-- Table structure for table `survey`
--

CREATE TABLE `survey` (
  `id_survey` int NOT NULL,
  `submission_id` varchar(128) CHARACTER SET utf8mb4 COLLATE utf8mb4_bin NOT NULL,
  `datetime` datetime NOT NULL,
  `link` text CHARACTER SET utf8mb4 COLLATE utf8mb4_bin NOT NULL,
  `keterangan` text CHARACTER SET utf8mb4 COLLATE utf8mb4_bin
) ENGINE=InnoDB DEFAULT CHARSET=utf8mb4 COLLATE=utf8mb4_bin;

--
-- Dumping data for table `survey`
--

INSERT INTO `survey` (`id_survey`, `submission_id`, `datetime`, `link`, `keterangan`) VALUES
(1, 'BXSUBMARIT20221011', '2022-10-11 14:09:00', 'noted', NULL),
(2, 'BXSUBPT-RI20230225', '2023-02-14 23:00:00', 'jnnjnj', 'hknjn'),
(3, 'BXSUBTESTI20230320', '2023-03-15 07:42:00', 'ssfe', 'dadwd'),
(4, 'BXSUBPT-IK20230426', '2023-06-02 14:00:00', 'alamat', 'Gedung Pasar Ikan Modern Muara Baru (PIM), Jakarta. (Operasional). \r\nKirana Tower II, Level 10-A, JL. Boulevard Timur No. 88 Kelapa Gading,Jakarta Utara. (Head Office)'),
(5, 'BXSUBPT-IN20230426', '2023-04-13 11:11:00', 'aawd', 'adawd');

-- --------------------------------------------------------

--
-- Table structure for table `tb_help`
--

CREATE TABLE `tb_help` (
  `id` int NOT NULL,
  `nama` varchar(100) NOT NULL,
  `email` varchar(100) NOT NULL,
  `no_whatsapp` varchar(20) NOT NULL,
  `jenis_masalah` varchar(100) NOT NULL,
  `detail` text NOT NULL
) ENGINE=InnoDB DEFAULT CHARSET=utf8mb4 COLLATE=utf8mb4_0900_ai_ci;

--
-- Dumping data for table `tb_help`
--

INSERT INTO `tb_help` (`id`, `nama`, `email`, `no_whatsapp`, `jenis_masalah`, `detail`) VALUES
(30, 'Herman', 'hermantologi@gmail.com', '0852164634451', 'Platform', 'Halo'),
(32, 'Muhammad Rizki', 'muhammadrizkitkj123@gmail.com', '082290333669', 'Feedback', 'halo selamat pagi'),
(33, 'MatthewKnito', 'yasen.krasen.13+72827@mail.ru', '86347822599', 'Optional', 'Ufieuhdidhefh wjdwdjqwidjwefhwfakj oijofqwfbvsdfjfwej ijwqiofjewuhfwedjawdhewh ouhwidwjpouweiofeiouqwruio ioqwiwuifewifjfifhw jiwfjiewhfewgiewufewio becdex.com'),
(34, 'StephenNum', 'simon@werbefotografie.ch', '87981776296', 'Optional', 'IGNITE YOUR WEALTH POTENTIAL WITH CRYPTO: 10,000 EUR MONTHLY FROM CRYPTOCURRENCY http://restoredlives-7438463.jaggsconsumerharp.xyz/newbeginningsfire-3194466'),
(35, 'Jamesfer', 'cassandra_caterina@stellamaris.com.au', '89658114194', 'Optional', 'Start Earning Big: $1000 Per Day on Google, No Investment Needed http://incomegenerator.digitaleyecare.xyz/businessgrowth'),
(36, 'Cero_cpEr', 'user12134@topsite.space', '86286285941', 'Optional', 'InMotion Hosting: InMotion Hosting offers fast and reliable hosting services with excellent customer support. They provide a variety of hosting options, including business hosting, VPS hosting, and dedicated servers. \r\nHostGator: HostGator is known for its affordable plans and reliable performance. They offer unlimited storage and bandwidth, a variety of hosting options, and excellent customer support. <a href=http://webward.pw/>http://webward.pw/</a>.'),
(37, 'Walterboymn', 'rondatrumper@shaw.ca', '88663848592', 'Optional', 'STEP INTO THE WORLD OF CRYPTO WEALTH: GET A WALLET FILE WITH 12600 BTC http://get12600instantly.lottovip888.xyz/btcjumpstart'),
(38, 'tax', '0hz2u89k@gmail.com', '81582511428', 'Optional', 'Hi, this is Irina. I am sending you my intimate photos as I promised. https://tinyurl.com/22wlotr3'),
(39, 'AlbertMat', 'nquyen_daignault@biebel54.dynainbox.com', '83551512854', 'Optional', 'скачать покердом на андроид на реальные \r\n<a href=\"https://lada-kalina.ru\">https://lada-kalina.ru</a> \r\nПокердом – это уникальная платформа для любителей азарта и адреналина. На официальном сайте Pokerdom вы можете скачать и установить онлайн-клиент для ПК или мобильных устройств и получить доступ к разнообразным лицензионным играм на реальные деньги. Pokerdom – это не только покер-рум, но и онлайн-казино с множеством слотов, рулетки, блэкджека, баккары и других азартных развлечений. Вы можете играть как на виртуальные фишки, так и на рубли или другие валюты. Pokerdom – это также букмекерская контора, где вы можете делать ставки на спорт в режиме прематч или лайв. Вы можете выбирать из множества видов спорта и событий, а также получать высокие коэффициенты и быстрые выплаты. Pokerdom – это покер-рум для тех, кто ценит качество и удобство. Вы можете общаться с другими игроками в чате, получать поддержку от администрации сайта, а также участвовать в различных акциях и бонусах. Вы можете получать фрироллы, кэшбэк, бесплатные спины и многое другое. Вы можете повышать свой статус в лояльности клубе и получать еще больше привилегий и выгод. Pokerdom – это покер-рум для тех, кто любит азарт и хочет испытать свои навыки в соревновании с реальными соперниками. Скачайте клиент на официальном сайте Pokerdom и присоединяйтесь к миллионам игроков по всему миру!');

-- --------------------------------------------------------

--
-- Table structure for table `user`
--

CREATE TABLE `user` (
  `id` int NOT NULL,
  `name` varchar(128) NOT NULL,
  `email` varchar(128) NOT NULL,
  `image` varchar(128) NOT NULL,
  `password` varchar(256) NOT NULL,
  `role_id` int NOT NULL,
  `is_active` int NOT NULL,
  `date_created` int NOT NULL,
  `legal_documents` varchar(250) DEFAULT NULL,
  `organizational_chart` varchar(250) DEFAULT NULL,
  `password_default` varchar(50) DEFAULT NULL
) ENGINE=InnoDB DEFAULT CHARSET=utf8mb3;

--
-- Dumping data for table `user`
--

INSERT INTO `user` (`id`, `name`, `email`, `image`, `password`, `role_id`, `is_active`, `date_created`, `legal_documents`, `organizational_chart`, `password_default`) VALUES
(5, 'Admin', 'admin@admin.com', 'f038c7f4df65dac0f2f3ba280a2642eb.png', '$2y$10$iho0pEev3lNzHuSZkJtA0uV0o84dCWnrJrFJhepL.Kon4kk3LWs1u', 1, 1, 1552120289, NULL, NULL, NULL),
(9, 'Maritimepreneur', 'user@user.com', 'default.jpg', '$2y$10$JNz/4Udqww2oDBavaqp1je03Btmmpc5ssJZZYB63nMs8V.PaAY55i', 2, 1, 1656515338, NULL, NULL, NULL),
(11, 'PT Lebak Nusantara', 'lebak@user.com', 'default.jpg', '$2y$10$JNz/4Udqww2oDBavaqp1je03Btmmpc5ssJZZYB63nMs8V.PaAY55i', 2, 1, 1656515338, NULL, NULL, NULL),
(15, 'kaisar', 'kaisar@becdex.com', '9f2802e1803e132c6c4843b618e674aa.png', '$2y$10$JNz/4Udqww2oDBavaqp1je03Btmmpc5ssJZZYB63nMs8V.PaAY55i', 1, 1, 1552120289, NULL, NULL, NULL),
(16, 'Auditor - Gatot Prabantoro', 'adminaudit@gmail.com', 'e6799bfcc1e50c9f2e6ee99406f0a005.jpg', '$2y$10$TfG/pP2gi6uHzju2d.ffP.1L.jdrQC0EEJhnmKib19S648mtMW8C2', 1, 1, 1675875806, NULL, NULL, 'mWyR20FVZJ'),
(22, 'PT IKAN SEGAR INDONESIA', 'ikansegarindonesia@gmail.com', 'c19136e476ccd2bddea4e9257db7827c.png', '$2y$10$B5xBE4wAsC8mYMT1irpxTewCQmbWqrrIniDm7j0ZRyxmprtcWOvSe', 2, 1, 1676367741, '6448cf417c8b5_1682493249_Legal_Document_PT_Ikan_Segar_Indonesia.pdf', '6448ce292bf13_1682492969_Struktur_Organisasi_PT__Ikan_Segar_Indonesia.jpg', NULL),
(34, 'WDA-TESTING', 'muhammadrizkitkj123@gmail.com', '530283c75e60c2c1a44017e1e6a661f0.jpg', '$2y$10$pSiGYgk7Ewv1df.EhUxWA.Jgo7Mgct9GSgrWm42hxj6nwivvkY8Fu', 1, 1, 1677295366, NULL, NULL, NULL),
(76, 'PT.Testing Corporation', 'pilolopi2907@gmail.com', 'default.jpg', '$2y$10$rE0XSbSpkJSdlstMERQjre3tTPEq9Yw4rP.t2CuUUBJuWMPI.spau', 2, 1, 1680229571, NULL, NULL, NULL),
(77, 'Auditor - Ruland Willy Jack Sumampouw', 'adminaudit1@gmail.com', 'ee9bc03fac3f840747ee5374b6025199.jpg', '$2y$10$T4PfOvcJzV7wqfSImUvF/O.A/d1J8BWlQJF2yxk2jgzuE0bkjZKli', 6, 1, 1681119068, NULL, NULL, 'YF7vuu9Q77'),
(78, 'Auditor - Catur Prasetyo', 'adminaudit2@gmail.com', '5be2da32027c9b8ade152bbba5e577f4.png', '$2y$10$.ihikfE1nRfmP487hVknaugzI0B69uAjGwjntVK9nJfl9rgK4MS9u', 6, 1, 1681119132, NULL, NULL, 'a7vA5dnezi'),
(79, 'Auditor - Hyang Ismalya Mihardja', 'adminaudit3@gmail.com', '68212bbe98d3c507595b8357538fe28e.jpg', '$2y$10$ncdqD0.k7r4dcKcdIEXuwOmPYAANabMu1HqP2zOQ784zCi90HcZSO', 6, 1, 1681119186, NULL, NULL, 'V0pRguU8cg'),
(80, 'Auditor - Nanda Anggiani Putri', 'adminaudit4@gmail.com', '71b8f3035f2a3fd0b45aeff1d90dd29e.png', '$2y$10$aHkTCYIacrCmS0tkf7OY5OnhlFt3DQCrbhomKGePM5yiR0mBNNTgW', 6, 1, 1681119232, NULL, NULL, 'XnOcgpk0RI'),
(81, 'Auditor - Syadza Fatina Oktafiarani', 'adminaudit5@gmail.com', '4d1e9d3463f2671c86fa1506bf30d08a.png', '$2y$10$D6h.n9IBWEi/zkTj/XR5leEUymhiR/EFvIQSjHgs0qKnE1li5xZpC', 1, 1, 1681119369, NULL, NULL, 'xWWFgLPCSF'),
(82, 'Auditor - Dhifa Ferzia', 'adminaudit6@gmail.com', '9750243cb69cadbb2d3cde20ffe621b6.png', '$2y$10$ZrBb6LhEV02ccRBnxueAbuy5A/BfcdiceeATDRJ2SBrbWvgw5WSPO', 6, 1, 1681119406, NULL, NULL, 'vpvHARaUOT'),
(83, 'Auditor - Mochamad Gizza Gaeta Nahumariri', 'adminaudit7@gmail.com', '60d51abc4d69b14c5621236339bdcc75.png', '$2y$10$eb9NcOYi0SlDIqXN1.4GCu8CHzdSO1qUmH9g91wpG/MRMUsM6itCO', 6, 1, 1681119440, NULL, NULL, 'ZE13mERlog'),
(84, 'Biru Muda Preneur', 'birumudapreneur@gmail.com', 'default.jpg', '$2y$10$w6S9NM9AcKslLlLP0zC0q.tVKAWMsx93Y71XJWQ8EMxB8.TaFBTa6', 2, 1, 1681180357, NULL, NULL, NULL),
(98, 'Certification Manager - Mattoviani', 'mattoviani@gmail.com', '', '$2y$10$WgjHS73xk4liPCb9NgiNKOpSbkBCLpWNolcJ2jBCaqqXK0zYk5PSO', 10, 1, 1681455010, NULL, NULL, 'RuSX4nEC1X'),
(99, 'Finance and Administration Manager - M. Rifqi Suryanto', 'rifqisuryanto@gmail.com', 'ae1f9b9fe95dc49cec86b49c6e12f534.png', '$2y$10$7zonigWvbZKLCqoRsOtl/unyQlK2U/DXx6FCEbkHfvpsTgqpuecTG', 7, 1, 1681491115, NULL, NULL, 'FjpgSG8hi4'),
(100, 'Auditor - Sigit Nugroho', 'hyang.office@gmail.com', 'cc90eb9513ff136169abddbaf5a18b8c.png', '$2y$10$TVHlWXLcu6ry8Sc.O7t/zOajbdMet4ylu5Nw8PkYUMlr8/DEQdORy', 6, 1, 1681491157, NULL, NULL, 'zDGgyYJdCw'),
(101, 'Auditor - Annisa Jauhari Umi', 'annisajauhariumi@gmail.com', 'f22a6558a2080a219f75567ec72b8477.png', '$2y$10$lENnZwb51qU7SEFqglq7NOFIQ.n/6Fab6hi1GjyCkKl4QULxO6P8S', 6, 1, 1681491177, NULL, NULL, 'IworH07FJk'),
(103, 'Director - Kaisar', 'kaisarakhir@gmail.com', 'default.jpg', '$2y$10$aOvJmO77g7k17LsOa9icG.CKYJfke1nWQCk50PZoAWoLggt25AeiK', 1, 1, 1681492822, NULL, NULL, NULL),
(104, 'PT.Insya allah berkah', 'rizkiwalker15@gmail.com', '92d06746bd9fc49e5d88eab1f7feac20.jpg', '$2y$10$iho0pEev3lNzHuSZkJtA0uV0o84dCWnrJrFJhepL.Kon4kk3LWs1u', 2, 1, 1682467372, '6448ce4c36ccd_1682493004_testing_becdex.pdf', '6448ce4c381cb_1682493004_catur.png', NULL),
(105, 'Nyayu Maharani Adelin', 'cookiesicing@gmail.com', 'default.jpg', '$2y$10$dEcSejdfNJdrYwnAlcG4Ged14CnYNanoi2Nt3CPC6mqtfgfUfWJ8m', 1, 1, 1682473719, NULL, NULL, NULL),
(106, 'Certification Manager', 'bambang@gmail.com', 'default.jpg', '$2y$10$cqknR98crth1dhiiMMci2eDq8NpvdHnHEftGoSaW2Tq/wMNidmD5C', 2, 1, 1683189716, NULL, NULL, NULL),
(107, 'PT BIRU MUDA HIJAU', 'ptbirumuda@gmail.com', 'default.jpg', '$2y$10$hGZqyUPWi4TiL9FJmXynmuDR6ik6jB6uce4s7mmvqgIOnGTg58AFe', 2, 1, 1689309215, NULL, NULL, NULL),
(108, 'PT BIRU MUDA HIJAU', 'aronpakpahan5@gmail.com', 'default.jpg', '$2y$10$IAhVlknYwUyB6C0dTWiAfO0eL92BjICLVEbSpn8rw11L/8baRHbBq', 2, 1, 1689309304, NULL, NULL, NULL),
(109, 'PMO', 'aditamaaa04@gmail.com', 'default.jpg', '$2y$10$.4Z5DIKMaSmISyTiy6a7Ked61sFVYa6zXzMZJchHHODTwKsLohncW', 2, 0, 1692065610, NULL, NULL, NULL),
(110, 'harsyagilfa', 'gilangharsya85@gmail.com', 'default.jpg', '$2y$10$4gcw6EGLhhdDzt.fZpRTMO.3bUZHqN4QzlRofsq.9hQ5x9CjRjtTi', 2, 1, 1692326647, NULL, NULL, NULL);

-- --------------------------------------------------------

--
-- Table structure for table `user_access_menu`
--

CREATE TABLE `user_access_menu` (
  `id` int NOT NULL,
  `role_id` int NOT NULL,
  `menu_id` int NOT NULL
) ENGINE=InnoDB DEFAULT CHARSET=utf8mb3;

--
-- Dumping data for table `user_access_menu`
--

INSERT INTO `user_access_menu` (`id`, `role_id`, `menu_id`) VALUES
(1, 1, 1),
(3, 2, 2),
(7, 1, 3),
(10, 1, 5),
(11, 1, 6),
(16, 6, 17),
(33, 6, 1),
(38, 7, 1),
(50, 7, 16),
(53, 10, 1),
(54, 10, 3),
(55, 10, 5),
(56, 10, 6),
(67, 7, 18),
(68, 7, 19),
(70, 6, 12);

-- --------------------------------------------------------

--
-- Table structure for table `user_menu`
--

CREATE TABLE `user_menu` (
  `id` int NOT NULL,
  `menu` varchar(128) NOT NULL
) ENGINE=InnoDB DEFAULT CHARSET=utf8mb3;

--
-- Dumping data for table `user_menu`
--

INSERT INTO `user_menu` (`id`, `menu`) VALUES
(1, 'Admin'),
(2, 'User'),
(3, 'Submission'),
(5, 'Management'),
(6, 'Menu'),
(8, 'User Management'),
(9, 'Aspect Management'),
(10, 'Outcome Management'),
(11, 'Principle Management'),
(12, 'Indicator Management'),
(13, 'Country Management'),
(14, 'Company Field Management'),
(15, 'Certificate'),
(16, 'Settings'),
(17, 'Submission Management'),
(18, 'Payment Verification'),
(19, 'Finance management user'),
(20, 'User audit');

-- --------------------------------------------------------

--
-- Table structure for table `user_role`
--

CREATE TABLE `user_role` (
  `id` int NOT NULL,
  `role` varchar(128) NOT NULL
) ENGINE=InnoDB DEFAULT CHARSET=utf8mb3;

--
-- Dumping data for table `user_role`
--

INSERT INTO `user_role` (`id`, `role`) VALUES
(1, 'Administrator'),
(2, 'Member'),
(6, 'Admin Audit'),
(7, 'Admin Finance'),
(10, 'Admin Certification Manager');

-- --------------------------------------------------------

--
-- Table structure for table `user_sub_menu`
--

CREATE TABLE `user_sub_menu` (
  `id` int NOT NULL,
  `menu_id` int NOT NULL,
  `title` varchar(128) NOT NULL,
  `url` varchar(128) NOT NULL,
  `icon` varchar(128) NOT NULL,
  `is_active` int NOT NULL
) ENGINE=InnoDB DEFAULT CHARSET=utf8mb3;

--
-- Dumping data for table `user_sub_menu`
--

INSERT INTO `user_sub_menu` (`id`, `menu_id`, `title`, `url`, `icon`, `is_active`) VALUES
(1, 1, 'Dashboard', 'admin', 'fas fa-fw fa-tachometer-alt', 1),
(2, 2, 'Dashboard', 'user', 'fas fa-fw fa-user', 1),
(3, 2, 'Profile', 'user/edit', 'fas fa-fw fa-user-edit', 1),
(4, 6, 'Menu Management', 'menu', 'fas fa-fw fa-folder', 1),
(5, 6, 'Submenu Management', 'menu/submenu', 'fas fa-fw fa-folder-open', 1),
(8, 2, 'Change Password', 'user/changepassword', 'fas fa-fw fa-key', 1),
(9, 5, 'User Management', 'management/userManagementIndex', 'fas fa-fw fa-key', 1),
(10, 5, 'Aspect Management', 'management/aspect', 'fas fa-fw fa-key', 1),
(11, 5, 'Outcome Management', 'management/outcome', 'fas fa-fw fa-key', 1),
(12, 5, 'Principle Management', 'management/principle', 'fas fa-fw fa-key', 1),
(13, 5, 'Indicator Management', 'management/indicator', 'fas fa-fw fa-key', 1),
(14, 5, 'Country Management', 'management/country', 'fas fa-fw fa-key', 1),
(15, 5, 'Company Field Management', 'management/company_field', 'fas fa-fw fa-key', 1),
(17, 3, 'Payment Verification', 'management/paymentManagement', 'fas fa-fw fa-key', 1),
(18, 3, 'Submission Management', 'management/submissionManagement', 'fas fa-fw fa-key', 1),
(19, 3, 'Certificate Management', 'management/certificateManagement', 'fas fa-fw fa-key', 0),
(20, 3, 'Certificate', 'management/certificate/3', 'fas fa-fw fa-certificate', 1),
(21, 3, 'Settings', 'management/settings', 'fas fa-fw fa-cog', 1),
(23, 6, 'Download', 'download', 'fa-download', 1),
(24, 1, 'Edit Profile', 'admin/edit', 'fas fa-fw fa-user-edit', 1),
(26, 9, 'Aspect Management', 'management/aspect', 'fas fa-fw fa-key', 1),
(27, 10, 'Outcome Management', 'management/outcome', 'fas fa-fw fa-key', 1),
(28, 11, 'Principle Management', 'management/principle', 'fas fa-fw fa-key', 1),
(29, 12, 'Indicator Management', 'management/indicator', 'fas fa-fw fa-key', 1),
(30, 13, 'Country Management', 'management/country', 'fas fa-fw fa-key', 1),
(31, 14, 'Company Field Management', 'management/outcome', 'management/company_field', 1),
(32, 18, 'Payment Verification', 'management/paymentManagement', 'fas fa-fw fa-key', 1),
(33, 17, 'Submission Management', 'management/submissionManagement	', 'fas fa-fw fa-key', 1),
(34, 15, 'Certificate', 'management/certificate', 'fas fa-fw fa-key', 1),
(35, 16, 'Settings', 'management/settings', 'fas fa-fw fa-key', 1),
(36, 19, 'User Management', 'management/userManagementIndex', 'fas fa-fw fa-key', 1),
(37, 1, 'Change Password', 'admin/changepassword', 'fas fa-fw fa-user-edit', 1);

-- --------------------------------------------------------

--
-- Table structure for table `user_token`
--

CREATE TABLE `user_token` (
  `id` int NOT NULL,
  `email` varchar(128) NOT NULL,
  `token` varchar(128) NOT NULL,
  `date_created` int NOT NULL
) ENGINE=InnoDB DEFAULT CHARSET=utf8mb3;

--
-- Dumping data for table `user_token`
--

INSERT INTO `user_token` (`id`, `email`, `token`, `date_created`) VALUES
(105, 'pilolopi2907@gmail.com', 'NQhsZwWQwhjyQHfzIVv4mkFuYdPjOh+MIXrYmhgVi78=', 1680229571),
(107, 'kaisarakhir@becdex.com', 'gvPXKy6XgWqLTlX77PSWxfN8sadXR/CrZUaurwA3sf0=', 1681491943),
(109, 'muhammadrizkitkj123@gmail.com', 'EVbcbST8WddzqV5oeKRzuO1rex0gwGpJspQIsGJVd9I=', 1682467228),
(111, 'muhammadrizkitkj123@gmail.com', '1t/xfKeK6IDTu9mmkqXPSyok2eqNs6rrvs76noRaf7c=', 1682467489),
(113, 'muhammadrizkitkj123@gmail.com', 'B5tN+5+NvjvDBEKK/BnbvzAuLMEKUFbAlZRCUDU4qYs=', 1682475795),
(114, 'muhammadrizkitkj123@gmail.com', 'pUaWW2zUl1jODtXYQvtNQq5aFHNV1RrAyJeO4DM74jk=', 1683164243),
(115, 'bambang@gmail.com', 'e35wFBcZCP2SNpzO2p6H1q1QCV48Y8iSDwbXE87Dbmc=', 1683189716),
(116, 'ptbirumuda@gmail.com', '/Li6/kKvqjFGidO/0171zaOeA9VFipnQAGXLzmA2qlw=', 1689309215),
(118, 'aditamaaa04@gmail.com', '+BUp3dBDbrvMtggWLA0M787Luh8Dtnv6i6T405dgHkQ=', 1692065610);

--
-- Indexes for dumped tables
--

--
-- Indexes for table `answer`
--
ALTER TABLE `answer`
  ADD PRIMARY KEY (`id_answer`);

--
-- Indexes for table `aspect`
--
ALTER TABLE `aspect`
  ADD PRIMARY KEY (`id_aspect`);

--
-- Indexes for table `becdex_cat`
--
ALTER TABLE `becdex_cat`
  ADD PRIMARY KEY (`id_becdex_cat`);

--
-- Indexes for table `certificate`
--
ALTER TABLE `certificate`
  ADD PRIMARY KEY (`id_certificate`);

--
-- Indexes for table `certificate_user`
--
ALTER TABLE `certificate_user`
  ADD PRIMARY KEY (`id_certificate_user`);

--
-- Indexes for table `company_detail`
--
ALTER TABLE `company_detail`
  ADD PRIMARY KEY (`user_id`);

--
-- Indexes for table `company_field`
--
ALTER TABLE `company_field`
  ADD PRIMARY KEY (`id_company_field`);

--
-- Indexes for table `countries`
--
ALTER TABLE `countries`
  ADD PRIMARY KEY (`id_country`);

--
-- Indexes for table `document`
--
ALTER TABLE `document`
  ADD PRIMARY KEY (`id_document`);

--
-- Indexes for table `download`
--
ALTER TABLE `download`
  ADD PRIMARY KEY (`id`);

--
-- Indexes for table `indicator`
--
ALTER TABLE `indicator`
  ADD PRIMARY KEY (`id_indicator`);

--
-- Indexes for table `outcome`
--
ALTER TABLE `outcome`
  ADD PRIMARY KEY (`id_outcome`);

--
-- Indexes for table `payment`
--
ALTER TABLE `payment`
  ADD PRIMARY KEY (`id_payment`);

--
-- Indexes for table `payment_status`
--
ALTER TABLE `payment_status`
  ADD PRIMARY KEY (`id_payment_status`);

--
-- Indexes for table `payment_users`
--
ALTER TABLE `payment_users`
  ADD PRIMARY KEY (`id`);

--
-- Indexes for table `per_indicator_status`
--
ALTER TABLE `per_indicator_status`
  ADD PRIMARY KEY (`id_status_per`);

--
-- Indexes for table `principle`
--
ALTER TABLE `principle`
  ADD PRIMARY KEY (`id_principle`);

--
-- Indexes for table `question`
--
ALTER TABLE `question`
  ADD PRIMARY KEY (`id_question`);

--
-- Indexes for table `setting`
--
ALTER TABLE `setting`
  ADD PRIMARY KEY (`id_setting`);

--
-- Indexes for table `submission`
--
ALTER TABLE `submission`
  ADD PRIMARY KEY (`id_submission`);

--
-- Indexes for table `submission_status`
--
ALTER TABLE `submission_status`
  ADD PRIMARY KEY (`id_submission_status`);

--
-- Indexes for table `survey`
--
ALTER TABLE `survey`
  ADD PRIMARY KEY (`id_survey`);

--
-- Indexes for table `tb_help`
--
ALTER TABLE `tb_help`
  ADD PRIMARY KEY (`id`);

--
-- Indexes for table `user`
--
ALTER TABLE `user`
  ADD PRIMARY KEY (`id`);

--
-- Indexes for table `user_access_menu`
--
ALTER TABLE `user_access_menu`
  ADD PRIMARY KEY (`id`);

--
-- Indexes for table `user_menu`
--
ALTER TABLE `user_menu`
  ADD PRIMARY KEY (`id`);

--
-- Indexes for table `user_role`
--
ALTER TABLE `user_role`
  ADD PRIMARY KEY (`id`);

--
-- Indexes for table `user_sub_menu`
--
ALTER TABLE `user_sub_menu`
  ADD PRIMARY KEY (`id`);

--
-- Indexes for table `user_token`
--
ALTER TABLE `user_token`
  ADD PRIMARY KEY (`id`);

--
-- AUTO_INCREMENT for dumped tables
--

--
-- AUTO_INCREMENT for table `answer`
--
ALTER TABLE `answer`
  MODIFY `id_answer` int NOT NULL AUTO_INCREMENT, AUTO_INCREMENT=2357;

--
-- AUTO_INCREMENT for table `aspect`
--
ALTER TABLE `aspect`
  MODIFY `id_aspect` int NOT NULL AUTO_INCREMENT, AUTO_INCREMENT=4;

--
-- AUTO_INCREMENT for table `becdex_cat`
--
ALTER TABLE `becdex_cat`
  MODIFY `id_becdex_cat` int NOT NULL AUTO_INCREMENT, AUTO_INCREMENT=5;

--
-- AUTO_INCREMENT for table `certificate`
--
ALTER TABLE `certificate`
  MODIFY `id_certificate` int NOT NULL AUTO_INCREMENT, AUTO_INCREMENT=14;

--
-- AUTO_INCREMENT for table `certificate_user`
--
ALTER TABLE `certificate_user`
  MODIFY `id_certificate_user` int NOT NULL AUTO_INCREMENT, AUTO_INCREMENT=13;

--
-- AUTO_INCREMENT for table `company_field`
--
ALTER TABLE `company_field`
  MODIFY `id_company_field` int NOT NULL AUTO_INCREMENT, AUTO_INCREMENT=12;

--
-- AUTO_INCREMENT for table `countries`
--
ALTER TABLE `countries`
  MODIFY `id_country` int NOT NULL AUTO_INCREMENT, AUTO_INCREMENT=154;

--
-- AUTO_INCREMENT for table `document`
--
ALTER TABLE `document`
  MODIFY `id_document` int NOT NULL AUTO_INCREMENT, AUTO_INCREMENT=321;

--
-- AUTO_INCREMENT for table `download`
--
ALTER TABLE `download`
  MODIFY `id` int NOT NULL AUTO_INCREMENT, AUTO_INCREMENT=8;

--
-- AUTO_INCREMENT for table `indicator`
--
ALTER TABLE `indicator`
  MODIFY `id_indicator` int NOT NULL AUTO_INCREMENT, AUTO_INCREMENT=51;

--
-- AUTO_INCREMENT for table `outcome`
--
ALTER TABLE `outcome`
  MODIFY `id_outcome` int NOT NULL AUTO_INCREMENT, AUTO_INCREMENT=9;

--
-- AUTO_INCREMENT for table `payment`
--
ALTER TABLE `payment`
  MODIFY `id_payment` int NOT NULL AUTO_INCREMENT, AUTO_INCREMENT=4;

--
-- AUTO_INCREMENT for table `payment_status`
--
ALTER TABLE `payment_status`
  MODIFY `id_payment_status` int NOT NULL AUTO_INCREMENT, AUTO_INCREMENT=3;

--
-- AUTO_INCREMENT for table `payment_users`
--
ALTER TABLE `payment_users`
  MODIFY `id` int NOT NULL AUTO_INCREMENT, AUTO_INCREMENT=5;

--
-- AUTO_INCREMENT for table `per_indicator_status`
--
ALTER TABLE `per_indicator_status`
  MODIFY `id_status_per` int NOT NULL AUTO_INCREMENT, AUTO_INCREMENT=5;

--
-- AUTO_INCREMENT for table `principle`
--
ALTER TABLE `principle`
  MODIFY `id_principle` int NOT NULL AUTO_INCREMENT, AUTO_INCREMENT=11;

--
-- AUTO_INCREMENT for table `question`
--
ALTER TABLE `question`
  MODIFY `id_question` int NOT NULL AUTO_INCREMENT, AUTO_INCREMENT=55;

--
-- AUTO_INCREMENT for table `setting`
--
ALTER TABLE `setting`
  MODIFY `id_setting` int NOT NULL AUTO_INCREMENT, AUTO_INCREMENT=4;

--
-- AUTO_INCREMENT for table `submission_status`
--
ALTER TABLE `submission_status`
  MODIFY `id_submission_status` int NOT NULL AUTO_INCREMENT, AUTO_INCREMENT=8;

--
-- AUTO_INCREMENT for table `survey`
--
ALTER TABLE `survey`
  MODIFY `id_survey` int NOT NULL AUTO_INCREMENT, AUTO_INCREMENT=6;

--
-- AUTO_INCREMENT for table `tb_help`
--
ALTER TABLE `tb_help`
  MODIFY `id` int NOT NULL AUTO_INCREMENT, AUTO_INCREMENT=40;

--
-- AUTO_INCREMENT for table `user`
--
ALTER TABLE `user`
  MODIFY `id` int NOT NULL AUTO_INCREMENT, AUTO_INCREMENT=111;

--
-- AUTO_INCREMENT for table `user_access_menu`
--
ALTER TABLE `user_access_menu`
  MODIFY `id` int NOT NULL AUTO_INCREMENT, AUTO_INCREMENT=71;

--
-- AUTO_INCREMENT for table `user_menu`
--
ALTER TABLE `user_menu`
  MODIFY `id` int NOT NULL AUTO_INCREMENT, AUTO_INCREMENT=21;

--
-- AUTO_INCREMENT for table `user_role`
--
ALTER TABLE `user_role`
  MODIFY `id` int NOT NULL AUTO_INCREMENT, AUTO_INCREMENT=11;

--
-- AUTO_INCREMENT for table `user_sub_menu`
--
ALTER TABLE `user_sub_menu`
  MODIFY `id` int NOT NULL AUTO_INCREMENT, AUTO_INCREMENT=38;

--
-- AUTO_INCREMENT for table `user_token`
--
ALTER TABLE `user_token`
  MODIFY `id` int NOT NULL AUTO_INCREMENT, AUTO_INCREMENT=120;
COMMIT;

/*!40101 SET CHARACTER_SET_CLIENT=@OLD_CHARACTER_SET_CLIENT */;
/*!40101 SET CHARACTER_SET_RESULTS=@OLD_CHARACTER_SET_RESULTS */;
/*!40101 SET COLLATION_CONNECTION=@OLD_COLLATION_CONNECTION */;
